algorithm,operation,size,reps,trim_pct,trim_wall_s_raw,std_wall_s_raw,trim_cpu_s_raw,std_cpu_s_raw,trim_wall_s_base,std_wall_s_base,trim_cpu_s_base,std_cpu_s_base,net_wall_s,std_net_wall_s,net_cpu_s,std_net_cpu_s,trim_mem_mb,std_mem_mb
sphincsshake256ssimple,keygen,-,100,15,0.067838706,0.000127863,0.064337371,0.000071547,0.009264913,0.000112964,0.006105829,0.000054255,0.058573793,0.000170616,0.058231542,0.000089792,9.492187429,0.081820720
sphincsshake256ssimple,sign,10000000,100,15,0.787568984,0.000311648,0.782862743,0.000283718,0.033457105,0.000148061,0.029620743,0.000075469,0.754111879,0.000345031,0.753242000,0.000293584,40.209905371,0.091086002
sphincsshake256ssimple,sign,100000000,100,15,1.640328698,0.000518207,1.635453643,0.000511502,0.082468655,0.000248525,0.078565629,0.000210591,1.557860043,0.000574720,1.556888014,0.000553157,310.748130743,0.093583752
sphincsshake256ssimple,sign,1000000000,100,15,10.069275179,0.002426429,10.063151600,0.002436442,0.601713700,0.000544040,0.597539229,0.000591779,9.467561479,0.002486672,9.465612371,0.002507280,3015.976901486,0.046423595
sphincsshake256ssimple,verify,10000000,100,15,0.085370770,0.000148658,0.081171143,0.000092746,0.033678126,0.000180385,0.029797443,0.000076267,0.051692644,0.000233748,0.051373700,0.000120077,40.100249600,0.043214003
sphincsshake256ssimple,verify,100000000,100,15,0.595799554,0.000438291,0.591437857,0.000435942,0.082858844,0.000289861,0.078877014,0.000263232,0.512940710,0.000525470,0.512560843,0.000509251,310.636017371,0.040775092
sphincsshake256ssimple,verify,1000000000,100,15,5.606503998,0.002139835,5.601113686,0.002144923,0.601866565,0.000597249,0.597774129,0.000590162,5.004637433,0.002221621,5.003339557,0.002224632,3015.774149486,0.061297387
sphincsshake256ssimple,all,10000000,100,15,0.876584905,0.000277590,0.872607114,0.000267079,0.014780394,0.000142609,0.011558314,0.000072891,0.861804511,0.000312079,0.861048800,0.000276847,40.182871771,0.016764276
sphincsshake256ssimple,all,100000000,100,15,2.184198279,0.000627926,2.179222471,0.000655763,0.063978546,0.000218302,0.060469529,0.000166197,2.120219733,0.000664791,2.118752942,0.000676496,310.585636571,0.055633320
sphincsshake256ssimple,all,1000000000,100,15,15.116892549,0.003106548,15.110207457,0.003137013,0.583523247,0.000616530,0.579783286,0.000619954,14.533369302,0.003167136,14.530424171,0.003197686,3015.904460800,0.032376830
sphincsshake256fsimple,keygen,-,100,15,0.015207782,0.000141834,0.011789986,0.000047682,0.009313621,0.000108708,0.006132000,0.000053909,0.005894161,0.000178702,0.005657986,0.000071971,9.448769829,0.026971932
sphincsshake256fsimple,sign,10000000,100,15,0.193632966,0.000209186,0.189133786,0.000145804,0.033467499,0.000157837,0.029613029,0.000084903,0.160165467,0.000262052,0.159520757,0.000168723,40.329450057,0.030650751
sphincsshake256fsimple,sign,100000000,100,15,1.047591320,0.000387036,1.042796486,0.000375303,0.082529645,0.000246857,0.078533414,0.000235979,0.965061675,0.000459059,0.964263072,0.000443327,310.850179657,0.043216738
sphincsshake256fsimple,sign,1000000000,100,15,9.485838421,0.001645173,9.479895400,0.001666792,0.601813250,0.000450715,0.597695714,0.000413774,8.884025171,0.001705795,8.882199686,0.001717383,3016.045421714,0.085136297
sphincsshake256fsimple,verify,10000000,100,15,0.086622588,0.000138052,0.082318814,0.000077496,0.033899798,0.000144582,0.029963186,0.000072261,0.052722790,0.000199906,0.052355628,0.000105959,40.152093257,0.015584404
sphincsshake256fsimple,verify,100000000,100,15,0.597349309,0.000602263,0.592926100,0.000611780,0.082943724,0.000270643,0.079008014,0.000221625,0.514405585,0.000660279,0.513918086,0.000650686,310.672998400,0.025260510
sphincsshake256fsimple,verify,1000000000,100,15,5.607003420,0.001871189,5.601544629,0.001894258,0.602222248,0.000511353,0.598110900,0.000456675,5.004781172,0.001939802,5.003433729,0.001948529,3015.977428114,0.052723939
sphincsshake256fsimple,all,10000000,100,15,0.231381700,0.000187419,0.227585629,0.000113026,0.014757328,0.000121536,0.011541343,0.000081720,0.216624372,0.000223376,0.216044286,0.000139474,40.156657371,0.030880228
sphincsshake256fsimple,all,100000000,100,15,1.539118506,0.000597974,1.534278829,0.000617004,0.063925471,0.000193827,0.060483400,0.000158152,1.475193035,0.000628603,1.473795429,0.000636951,310.603307886,0.050592890
sphincsshake256fsimple,all,1000000000,100,15,14.471321937,0.003484708,14.464649729,0.003508882,0.583715991,0.000613120,0.579989571,0.000606710,13.887605946,0.003538235,13.884660158,0.003560948,3015.921488457,0.038647445
sphincsshake192ssimple,keygen,-,100,15,0.097667431,0.000135636,0.094162086,0.000083303,0.009325189,0.000135010,0.006118143,0.000055843,0.088342242,0.000191376,0.088043943,0.000100289,9.498799543,0.078696842
sphincsshake192ssimple,sign,10000000,100,15,0.892149605,0.000669876,0.887453171,0.000627981,0.033504707,0.000156712,0.029603629,0.000087619,0.858644898,0.000687963,0.857849542,0.000634064,40.186909257,0.079365236
sphincsshake192ssimple,sign,100000000,100,15,1.746230425,0.000765374,1.741356857,0.000764408,0.082684163,0.000264498,0.078620057,0.000228904,1.663546262,0.000809788,1.662736800,0.000797945,310.669136457,0.057430585
sphincsshake192ssimple,sign,1000000000,100,15,10.184718126,0.002011230,10.178599800,0.001960384,0.602314296,0.000650464,0.598181057,0.000615615,9.582403830,0.002113800,9.580418743,0.002054772,3015.968709486,0.038529853
sphincsshake192ssimple,verify,10000000,100,15,0.085037214,0.000161645,0.080741786,0.000088799,0.033637687,0.000150173,0.029715729,0.000073222,0.051399527,0.000220638,0.051026057,0.000115094,40.077077943,0.045497092
sphincsshake192ssimple,verify,100000000,100,15,0.595458815,0.000350409,0.591078486,0.000289209,0.082726947,0.000216650,0.078764329,0.000231014,0.512731868,0.000411975,0.512314157,0.000370148,310.612611657,0.045384728
sphincsshake192ssimple,verify,1000000000,100,15,5.605342329,0.001989604,5.600027286,0.002053884,0.602368334,0.000578189,0.598294100,0.000560206,5.002973995,0.002071914,5.001733186,0.002128913,3015.751855543,0.062984619
sphincsshake192ssimple,all,10000000,100,15,1.010993464,0.000704116,1.006927357,0.000696228,0.014820958,0.000119943,0.011567557,0.000082194,0.996172506,0.000714259,0.995359800,0.000701063,40.067306057,0.068272196
sphincsshake192ssimple,all,100000000,100,15,2.317530108,0.001112104,2.312519329,0.001131428,0.063967917,0.000251776,0.060492343,0.000208532,2.253562191,0.001140248,2.252026986,0.001150485,310.562230857,0.047205378
sphincsshake192ssimple,all,1000000000,100,15,15.238348865,0.003822437,15.231603200,0.003848754,0.583842549,0.000593632,0.580109714,0.000555725,14.654506316,0.003868258,14.651493486,0.003888668,3015.895040000,0.031779163
sphincsshake192fsimple,keygen,-,100,15,0.012983801,0.000110589,0.009600471,0.000046432,0.009284835,0.000100168,0.006110171,0.000049126,0.003698966,0.000149210,0.003490300,0.000067597,9.441865143,0.023057767
sphincsshake192fsimple,sign,10000000,100,15,0.158067253,0.000171333,0.153696314,0.000104816,0.033518179,0.000155214,0.029614014,0.000095194,0.124549074,0.000231185,0.124082300,0.000141592,40.146358857,0.070604808
sphincsshake192fsimple,sign,100000000,100,15,1.012034842,0.000604400,1.007325671,0.000539890,0.082567557,0.000209759,0.078667714,0.000204436,0.929467285,0.000639764,0.928657957,0.000577300,310.675865600,0.060486363
sphincsshake192fsimple,sign,1000000000,100,15,9.446765192,0.002259187,9.440610286,0.002218330,0.602563306,0.000551629,0.598406414,0.000585171,8.844201886,0.002325558,8.842203872,0.002294213,3015.962038857,0.034666823
sphincsshake192fsimple,verify,10000000,100,15,0.086513185,0.000164424,0.082258671,0.000099465,0.033769843,0.000176752,0.029855914,0.000090376,0.052743342,0.000241405,0.052402757,0.000134392,40.108675657,0.039978472
sphincsshake192fsimple,verify,100000000,100,15,0.596859610,0.000373408,0.592497771,0.000342197,0.082886253,0.000258184,0.078927657,0.000200818,0.513973357,0.000453974,0.513570114,0.000396770,310.636778057,0.049186054
sphincsshake192fsimple,verify,1000000000,100,15,5.603410409,0.001600883,5.598023271,0.001574594,0.602632718,0.000486741,0.598452757,0.000459633,5.000777691,0.001673243,4.999570514,0.001640308,3015.789714286,0.071921366
sphincsshake192fsimple,all,10000000,100,15,0.193495387,0.000147787,0.189734171,0.000113123,0.014735983,0.000104384,0.011553429,0.000061391,0.178759404,0.000180934,0.178180742,0.000128708,40.128336457,0.023258830
sphincsshake192fsimple,all,100000000,100,15,1.500485483,0.000542546,1.495577686,0.000535104,0.063964311,0.000228768,0.060477329,0.000197660,1.436521172,0.000588805,1.435100357,0.000570443,310.589674057,0.051209548
sphincsshake192fsimple,all,1000000000,100,15,14.413939252,0.003386301,14.407228329,0.003381538,0.584128262,0.000553310,0.580349386,0.000533688,13.829810990,0.003431208,13.826878943,0.003423393,3015.899604114,0.037877585
sphincsshake128ssimple,keygen,-,100,15,0.070386492,0.000134920,0.066885443,0.000086975,0.009252980,0.000098102,0.006106771,0.000047633,0.061133512,0.000166815,0.060778672,0.000099164,9.470771200,0.063215401
sphincsshake128ssimple,sign,10000000,100,15,0.567185924,0.000419413,0.562655600,0.000425420,0.033504810,0.000163428,0.029629757,0.000082575,0.533681114,0.000450129,0.533025843,0.000433360,40.154667886,0.076927757
sphincsshake128ssimple,sign,100000000,100,15,1.420218663,0.000632101,1.415437471,0.000622686,0.082690666,0.000279469,0.078654529,0.000260831,1.337527997,0.000691126,1.336782942,0.000675108,310.668200229,0.054784865
sphincsshake128ssimple,sign,1000000000,100,15,9.848568833,0.002669235,9.842447671,0.002635313,0.602645883,0.000437558,0.598439971,0.000462678,9.245922950,0.002704861,9.244007700,0.002675621,3015.955075657,0.022742997
sphincsshake128ssimple,verify,10000000,100,15,0.084621917,0.000197532,0.080408557,0.000123343,0.033595369,0.000158306,0.029689543,0.000082275,0.051026548,0.000253140,0.050719014,0.000148266,40.074503314,0.033482159
sphincsshake128ssimple,verify,100000000,100,15,0.595228891,0.000611084,0.590823214,0.000610121,0.082671531,0.000273775,0.078698629,0.000255288,0.512557360,0.000669609,0.512124585,0.000661377,310.591722057,0.049633865
sphincsshake128ssimple,verify,1000000000,100,15,5.598332787,0.002260747,5.592928743,0.002269385,0.602676105,0.000592962,0.598560700,0.000574424,4.995656682,0.002337216,4.994368043,0.002340955,3015.736641829,0.059450703
sphincsshake128ssimple,all,10000000,100,15,0.658250281,0.000374886,0.654364600,0.000346002,0.014791698,0.000102176,0.011545100,0.000061259,0.643458583,0.000388561,0.642819500,0.000351383,40.081876114,0.074555396
sphincsshake128ssimple,all,100000000,100,15,1.966308120,0.000701156,1.961305043,0.000683036,0.064071302,0.000203758,0.060528214,0.000188709,1.902236818,0.000730162,1.900776829,0.000708625,310.550235429,0.049851074
sphincsshake128ssimple,all,1000000000,100,15,14.889996800,0.003306671,14.883148386,0.003376739,0.584071699,0.000584248,0.580373343,0.000559446,14.305925101,0.003357889,14.302775043,0.003422769,3015.889715200,0.027433418
sphincsshake128fsimple,keygen,-,100,15,0.012590352,0.000112046,0.009204971,0.000067505,0.009236130,0.000106431,0.006122943,0.000046549,0.003354222,0.000154538,0.003082028,0.000081998,9.449179429,0.027145809
sphincsshake128fsimple,sign,10000000,100,15,0.144798402,0.000194515,0.140414529,0.000127634,0.033538409,0.000164085,0.029639629,0.000093013,0.111259993,0.000254480,0.110774900,0.000157930,40.137932800,0.062261036
sphincsshake128fsimple,sign,100000000,100,15,0.998180740,0.000523704,0.993408357,0.000551510,0.082564460,0.000302397,0.078658843,0.000236703,0.915616280,0.000604739,0.914749514,0.000600160,310.671769600,0.059395173
sphincsshake128fsimple,sign,1000000000,100,15,9.423695071,0.002531979,9.417672243,0.002471727,0.602799234,0.000537683,0.598629900,0.000495776,8.820895837,0.002588440,8.819042343,0.002520958,3015.965140114,0.032216536
sphincsshake128fsimple,verify,10000000,100,15,0.085665599,0.000209948,0.081486471,0.000142759,0.033576649,0.000177215,0.029706543,0.000085711,0.052088950,0.000274742,0.051779928,0.000166513,40.092876800,0.028329469
sphincsshake128fsimple,verify,100000000,100,15,0.595995440,0.000383937,0.591618900,0.000369994,0.082712619,0.000241174,0.078785757,0.000234567,0.513282821,0.000453401,0.512833143,0.000438084,310.607813486,0.052899791
sphincsshake128fsimple,verify,1000000000,100,15,5.599868986,0.003015641,5.594455114,0.003037056,0.602626526,0.000506037,0.598518400,0.000530933,4.997242460,0.003057804,4.995936714,0.003083115,3015.763148800,0.066856012
sphincsshake128fsimple,all,10000000,100,15,0.179343509,0.000167486,0.175613257,0.000102624,0.014763189,0.000132653,0.011556571,0.000062144,0.164580320,0.000213655,0.164056686,0.000119973,40.102824229,0.027453975
sphincsshake128fsimple,all,100000000,100,15,1.487611152,0.000692338,1.482723314,0.000637381,0.063952175,0.000211401,0.060451271,0.000176974,1.423658977,0.000723894,1.422272043,0.000661494,310.564922514,0.061175239
sphincsshake128fsimple,all,1000000000,100,15,14.413633040,0.004652585,14.406833529,0.004664073,0.584178642,0.000533252,0.580439971,0.000505454,13.829454398,0.004683044,13.826393558,0.004691382,3015.883688229,0.035489163
sphincssha2256ssimple,keygen,-,100,15,0.042943109,0.000133567,0.039406071,0.000076014,0.009310533,0.000100278,0.006120943,0.000043145,0.033632576,0.000167020,0.033285128,0.000087405,9.979669943,0.039978471
sphincssha2256ssimple,sign,10000000,100,15,0.492129510,0.000308928,0.487738400,0.000253967,0.033547166,0.000144752,0.029655129,0.000073309,0.458582344,0.000341159,0.458083271,0.000264336,40.355722971,0.014755514
sphincssha2256ssimple,sign,100000000,100,15,1.032046054,0.000491300,1.027446971,0.000520981,0.082595184,0.000238779,0.078646357,0.000211140,0.949450870,0.000546252,0.948800614,0.000562140,310.898278400,0.028172830
sphincssha2256ssimple,sign,1000000000,100,15,6.323944572,0.002745342,6.318380886,0.002718578,0.602820174,0.000651133,0.598654257,0.000596210,5.721124398,0.002821503,5.719726629,0.002783188,3016.200074971,0.021561836
sphincssha2256ssimple,verify,10000000,100,15,0.068574566,0.000200073,0.064326443,0.000110288,0.033749958,0.000152255,0.029813557,0.000075675,0.034824608,0.000251418,0.034512886,0.000133754,40.143784229,0.027240589
sphincssha2256ssimple,verify,100000000,100,15,0.422160302,0.000388341,0.417892257,0.000356851,0.082817020,0.000284013,0.078906914,0.000261403,0.339343282,0.000481115,0.338985343,0.000442351,310.671594057,0.023890046
sphincssha2256ssimple,verify,1000000000,100,15,3.858948988,0.001587891,3.853711729,0.001616037,0.602930541,0.000593433,0.598748586,0.000574248,3.256018447,0.001695158,3.254963143,0.001715032,3015.986439314,0.024109320
sphincssha2256ssimple,all,10000000,100,15,0.538330582,0.000386621,0.534631386,0.000400354,0.014795337,0.000116312,0.011543000,0.000054821,0.523535245,0.000403738,0.523088386,0.000404090,40.480065829,0.005956989
sphincssha2256ssimple,all,100000000,100,15,1.374771357,0.000652070,1.370072129,0.000671788,0.063998807,0.000236542,0.060472186,0.000209733,1.310772550,0.000693648,1.309599943,0.000703766,310.937073371,0.060798192
sphincssha2256ssimple,all,1000000000,100,15,9.588725898,0.004007939,9.582651743,0.003978616,0.584258182,0.000573791,0.580572171,0.000579031,9.004467716,0.004048804,9.002079572,0.004020530,3016.265318400,0.027313974
sphincssha2256fsimple,keygen,-,100,15,0.013875632,0.000095455,0.010531971,0.000052008,0.009255908,0.000104835,0.006144129,0.000052029,0.004619724,0.000141782,0.004387842,0.000073565,9.973174857,0.026630033
sphincssha2256fsimple,sign,10000000,100,15,0.129449720,0.000154419,0.125072129,0.000123405,0.033508781,0.000157378,0.029647429,0.000091033,0.095940939,0.000220484,0.095424700,0.000153349,40.356600686,0.009575367
sphincssha2256fsimple,sign,100000000,100,15,0.668727185,0.000429564,0.664371171,0.000374943,0.082581509,0.000254153,0.078671443,0.000226286,0.586145676,0.000499118,0.585699728,0.000437936,310.905241600,0.035900965
sphincssha2256fsimple,sign,1000000000,100,15,5.960968723,0.001798643,5.955380000,0.001813187,0.602938547,0.000566777,0.598763729,0.000539641,5.358030176,0.001885829,5.356616271,0.001891787,3016.217921829,0.020411252
sphincssha2256fsimple,verify,10000000,100,15,0.069363041,0.000161375,0.065094529,0.000103117,0.033886454,0.000152818,0.029959114,0.000097890,0.035476587,0.000222250,0.035135415,0.000142181,40.216868571,0.063983737
sphincssha2256fsimple,verify,100000000,100,15,0.422980981,0.000361250,0.418648471,0.000375409,0.083036155,0.000240744,0.079069771,0.000230764,0.339944826,0.000434119,0.339578700,0.000440663,310.734496914,0.056151749
sphincssha2256fsimple,verify,1000000000,100,15,3.860702711,0.002151712,3.855452400,0.002154272,0.602990427,0.000542019,0.598859600,0.000510883,3.257712284,0.002218930,3.256592800,0.002214021,3016.020085029,0.028223087
sphincssha2256fsimple,all,10000000,100,15,0.147255594,0.000163141,0.143573014,0.000138769,0.014677374,0.000105380,0.011542729,0.000061271,0.132578220,0.000194216,0.132030285,0.000151694,40.479539200,0.020796333
sphincssha2256fsimple,all,100000000,100,15,0.984209222,0.000629406,0.979581471,0.000661725,0.064057526,0.000263207,0.060558229,0.000212511,0.920151696,0.000682224,0.919023242,0.000695011,310.958255543,0.050415444
sphincssha2256fsimple,all,1000000000,100,15,9.197607806,0.003245840,9.191623786,0.003292700,0.584068590,0.000527358,0.580274743,0.000506787,8.613539216,0.003288401,8.611349043,0.003331472,3016.255312457,0.035336363
sphincssha2192ssimple,keygen,-,100,15,0.058476291,0.000125268,0.054932714,0.000058594,0.009328607,0.000114924,0.006125071,0.000051798,0.049147684,0.000169999,0.048807643,0.000078207,9.998218971,0.059102040
sphincssha2192ssimple,sign,10000000,100,15,0.538921597,0.000326879,0.534510914,0.000275237,0.033415589,0.000156665,0.029600000,0.000081879,0.505506008,0.000362483,0.504910914,0.000287158,40.354552686,0.010854772
sphincssha2192ssimple,sign,100000000,100,15,1.079430333,0.000686539,1.074771200,0.000688643,0.082579992,0.000271404,0.078608957,0.000229258,0.996850341,0.000738238,0.996162243,0.000725802,310.903427657,0.033244157
sphincssha2192ssimple,sign,1000000000,100,15,6.378985654,0.003206751,6.373350329,0.003253774,0.602678300,0.000493231,0.598535043,0.000453897,5.776307354,0.003244461,5.774815286,0.003285280,3016.204873143,0.013034139
sphincssha2192ssimple,verify,10000000,100,15,0.068344229,0.000159720,0.064039514,0.000090084,0.033588496,0.000163525,0.029722929,0.000089074,0.034755733,0.000228585,0.034316585,0.000126686,40.115346286,0.017008647
sphincssha2192ssimple,verify,100000000,100,15,0.421618062,0.000402071,0.417247929,0.000360280,0.082721255,0.000228939,0.078766357,0.000225102,0.338896807,0.000462681,0.338481572,0.000424821,310.659306057,0.037232420
sphincssha2192ssimple,verify,1000000000,100,15,3.857953122,0.002118179,3.852679571,0.002085627,0.602748662,0.000468822,0.598663929,0.000428282,3.255204460,0.002169441,3.254015642,0.002129147,3015.973215086,0.015174053
sphincssha2192ssimple,all,10000000,100,15,0.599935155,0.000256412,0.596185300,0.000256495,0.014791932,0.000123535,0.011556000,0.000056165,0.585143223,0.000284619,0.584629300,0.000262572,40.462570057,0.005385222
sphincssha2192ssimple,all,100000000,100,15,1.437328366,0.000733068,1.432565429,0.000742019,0.064053368,0.000234120,0.060493186,0.000199537,1.373274998,0.000769546,1.372072243,0.000768380,310.914837943,0.054917691
sphincssha2192ssimple,all,1000000000,100,15,9.656725659,0.004556589,9.650670543,0.004572117,0.584463336,0.000539210,0.580703286,0.000570135,9.072262323,0.004588382,9.069967257,0.004607527,3016.223071086,0.035134916
sphincssha2192fsimple,keygen,-,100,15,0.012683288,0.000105589,0.009324371,0.000054158,0.009280983,0.000102181,0.006120571,0.000038206,0.003402305,0.000146935,0.003203800,0.000066278,9.967498971,0.024002613
sphincssha2192fsimple,sign,10000000,100,15,0.108335659,0.000188739,0.104013386,0.000118039,0.033595440,0.000178471,0.029658843,0.000093640,0.074740219,0.000259758,0.074354543,0.000150671,40.350807771,0.009431542
sphincssha2192fsimple,sign,100000000,100,15,0.648314572,0.000564520,0.643879471,0.000519465,0.082611164,0.000253549,0.078691614,0.000223268,0.565703408,0.000618846,0.565187857,0.000565414,310.891373714,0.021515154
sphincssha2192fsimple,sign,1000000000,100,15,5.947681451,0.003100648,5.942086043,0.003147989,0.602992752,0.000516188,0.598822043,0.000515300,5.344688699,0.003143321,5.343264000,0.003189885,3016.213767314,0.024492239
sphincssha2192fsimple,verify,10000000,100,15,0.069180391,0.000183269,0.064991100,0.000099372,0.033837163,0.000161306,0.029880771,0.000083229,0.035343228,0.000244146,0.035110329,0.000129622,40.156247771,0.030557682
sphincssha2192fsimple,verify,100000000,100,15,0.422796503,0.000360181,0.418427171,0.000342200,0.082858052,0.000280958,0.078975514,0.000232752,0.339938451,0.000456802,0.339451657,0.000413853,310.680254171,0.029682201
sphincssha2192fsimple,verify,1000000000,100,15,3.858162369,0.002583186,3.852921257,0.002593869,0.603154730,0.000765744,0.598933229,0.000757686,3.255007639,0.002694293,3.253988028,0.002702267,3015.991120457,0.011822157
sphincssha2192fsimple,all,10000000,100,15,0.125035357,0.000129144,0.121371729,0.000102852,0.014752618,0.000103954,0.011563029,0.000066229,0.110282739,0.000165785,0.109808700,0.000122331,40.454729143,0.030091539
sphincssha2192fsimple,all,100000000,100,15,0.962653654,0.000897408,0.957887843,0.000838712,0.064102773,0.000197156,0.060501371,0.000168874,0.898550881,0.000918810,0.897386472,0.000855544,310.915072000,0.059151505
sphincssha2192fsimple,all,1000000000,100,15,9.179343951,0.004472719,9.173358000,0.004463880,0.584247014,0.000702522,0.580462371,0.000680900,8.595096937,0.004527555,8.592895629,0.004515512,3016.238635886,0.036538228
sphincssha2128ssimple,keygen,-,100,15,0.043367705,0.000124491,0.039927629,0.000074164,0.009301776,0.000098716,0.006128400,0.000048935,0.034065929,0.000158880,0.033799229,0.000088853,9.728936229,0.048163428
sphincssha2128ssimple,sign,10000000,100,15,0.304270874,0.000232333,0.299920686,0.000190498,0.033539138,0.000127837,0.029659186,0.000086316,0.270731736,0.000265181,0.270261500,0.000209141,40.114293029,0.043925932
sphincssha2128ssimple,sign,100000000,100,15,0.633834499,0.000424911,0.629428400,0.000394698,0.082506527,0.000256560,0.078658529,0.000226282,0.551327972,0.000496359,0.550769871,0.000454962,310.625543314,0.025109834
sphincssha2128ssimple,sign,1000000000,100,15,3.837208818,0.001754927,3.831971100,0.001786936,0.602832533,0.000623967,0.598658300,0.000612517,3.234376285,0.001862553,3.233312800,0.001888999,3015.935297829,0.020847164
sphincssha2128ssimple,verify,10000000,100,15,0.056208975,0.000153739,0.052083914,0.000100659,0.033612959,0.000138872,0.029729200,0.000089514,0.022596016,0.000207174,0.022354714,0.000134703,39.854840686,0.040351726
sphincssha2128ssimple,verify,100000000,100,15,0.305009578,0.000378951,0.300811414,0.000307887,0.082760902,0.000229068,0.078776071,0.000216722,0.222248676,0.000442805,0.222035343,0.000376514,310.390959543,0.034449591
sphincssha2128ssimple,verify,1000000000,100,15,2.695761093,0.002648642,2.690791243,0.002628403,0.603132307,0.000740111,0.599039500,0.000751482,2.092628786,0.002750103,2.091751743,0.002733720,3015.693633829,0.022453629
sphincssha2128ssimple,all,10000000,100,15,0.338943270,0.000203455,0.335285471,0.000186070,0.014809530,0.000083592,0.011556757,0.000067466,0.324133740,0.000219958,0.323728714,0.000197923,40.185797486,0.012886685
sphincssha2128ssimple,all,100000000,100,15,0.860925069,0.000491882,0.856461657,0.000432376,0.064033172,0.000165752,0.060477929,0.000169242,0.796891897,0.000519058,0.795983728,0.000464319,310.616473600,0.047245868
sphincssha2128ssimple,all,1000000000,100,15,5.938268729,0.003670269,5.932696929,0.003715915,0.584267109,0.000617792,0.580566943,0.000631673,5.354001620,0.003721900,5.352129986,0.003769222,3015.939042743,0.039824899
sphincssha2128fsimple,keygen,-,100,15,0.012327678,0.000112946,0.009019700,0.000049568,0.009256811,0.000119122,0.006123329,0.000055974,0.003070867,0.000164155,0.002896371,0.000074767,9.705764571,0.024102188
sphincssha2128fsimple,sign,10000000,100,15,0.076702365,0.000179997,0.072546971,0.000109507,0.033603705,0.000157887,0.029684871,0.000094965,0.043098660,0.000239431,0.042862100,0.000144949,40.109845943,0.040051389
sphincssha2128fsimple,sign,100000000,100,15,0.407020042,0.000442904,0.402755014,0.000385334,0.082676697,0.000295459,0.078737271,0.000245652,0.324343345,0.000532410,0.324017743,0.000456976,310.615771429,0.020322938
sphincssha2128fsimple,sign,1000000000,100,15,3.609713077,0.001753011,3.604451100,0.001805402,0.602782142,0.000593217,0.598656800,0.000576126,3.006930935,0.001850663,3.005794300,0.001895098,3015.928744229,0.033187459
sphincssha2128fsimple,verify,10000000,100,15,0.056860577,0.000156020,0.052668443,0.000086837,0.033684168,0.000177515,0.029790257,0.000081493,0.023176409,0.000236334,0.022878186,0.000119087,39.868006400,0.032778387
sphincssha2128fsimple,verify,100000000,100,15,0.305785887,0.000385525,0.301498986,0.000337993,0.082681075,0.000202208,0.078764500,0.000175127,0.223104812,0.000435336,0.222734486,0.000380669,310.389789257,0.028933155
sphincssha2128fsimple,verify,1000000000,100,15,2.696532914,0.002491547,2.691563786,0.002464301,0.603106259,0.000748907,0.599008043,0.000695581,2.093426655,0.002601666,2.092555743,0.002560588,3015.704517486,0.018640108
sphincssha2128fsimple,all,10000000,100,15,0.081061090,0.000153918,0.077509086,0.000103778,0.014768434,0.000128323,0.011562686,0.000065222,0.066292656,0.000200393,0.065946400,0.000122572,40.167306971,0.029910690
sphincssha2128fsimple,all,100000000,100,15,0.604102982,0.000601244,0.599820557,0.000591854,0.063999322,0.000199585,0.060535000,0.000166700,0.540103660,0.000633505,0.539285557,0.000614882,310.646198857,0.048374314
sphincssha2128fsimple,all,1000000000,100,15,5.684528130,0.004022055,5.678960500,0.003958353,0.584431854,0.000554033,0.580648814,0.000536880,5.100096276,0.004060034,5.098311686,0.003994596,3015.957240686,0.034421883
mldsa87,keygen,-,100,15,0.012021151,0.000104102,0.008564914,0.000061509,0.009300709,0.000091007,0.006124343,0.000043357,0.002720442,0.000138273,0.002440571,0.000075254,9.971243886,0.025539489
mldsa87,sign,10000000,100,15,0.087131022,0.000193664,0.082538486,0.000116204,0.033671235,0.000148655,0.029816000,0.000090428,0.053459787,0.000244139,0.052722486,0.000147243,40.672694857,0.042327932
mldsa87,sign,100000000,100,15,0.608286572,0.000402585,0.603460500,0.000391732,0.082756062,0.000219910,0.078818543,0.000212041,0.525530510,0.000458732,0.524641957,0.000445438,311.185642057,0.023211214
mldsa87,sign,1000000000,100,15,5.720692931,0.001960970,5.714786729,0.001949534,0.602612347,0.000489557,0.598472071,0.000478603,5.118080584,0.002021155,5.116314658,0.002007422,3016.496040229,0.021552499
mldsa87,verify,10000000,100,15,0.084811506,0.000154938,0.080317543,0.000095374,0.033827180,0.000158592,0.029861157,0.000088795,0.050984326,0.000221714,0.050456386,0.000130310,40.401364114,0.027660192
mldsa87,verify,100000000,100,15,0.595302283,0.000599601,0.590682200,0.000563825,0.083023721,0.000349047,0.078930000,0.000313609,0.512278562,0.000693798,0.511752200,0.000645174,310.918407314,0.014863398
mldsa87,verify,1000000000,100,15,5.598533729,0.002218109,5.592809000,0.002223960,0.603069786,0.000617721,0.598891914,0.000635414,4.995463943,0.002302517,4.993917086,0.002312952,3016.236061257,0.023775583
mldsa87,all,10000000,100,15,0.117773004,0.000182621,0.114044914,0.000113558,0.014752368,0.000117111,0.011563700,0.000060146,0.103020636,0.000216946,0.102481214,0.000128503,40.592471771,0.032077475
mldsa87,all,100000000,100,15,1.082282606,0.000651654,1.077521000,0.000618119,0.064040882,0.000193917,0.060525286,0.000154536,1.018241724,0.000679895,1.016995714,0.000637144,311.037249829,0.057216533
mldsa87,all,1000000000,100,15,10.569303032,0.003506438,10.562970914,0.003453305,0.584266745,0.000510125,0.580509029,0.000457413,9.985036287,0.003543351,9.982461885,0.003483467,3016.386735543,0.030274094
mldsa65,keygen,-,100,15,0.011964873,0.000119165,0.008534329,0.000051262,0.009269743,0.000140245,0.006122271,0.000044401,0.002695130,0.000184035,0.002412058,0.000067818,9.976568686,0.027750148
mldsa65,sign,10000000,100,15,0.085943718,0.000200036,0.081276243,0.000122462,0.033707082,0.000190190,0.029805086,0.000084148,0.052236636,0.000276019,0.051471157,0.000148586,40.639868343,0.019016497
mldsa65,sign,100000000,100,15,0.596206795,0.000509513,0.591432914,0.000515162,0.082747137,0.000250039,0.078785214,0.000221053,0.513459658,0.000567559,0.512647700,0.000560586,311.166800457,0.017815676
mldsa65,sign,1000000000,100,15,5.597930175,0.001790881,5.592024200,0.001800322,0.602657916,0.000463647,0.598526600,0.000448568,4.995272259,0.001849925,4.993497600,0.001855363,3016.474565486,0.028527610
mldsa65,verify,10000000,100,15,0.084810010,0.000168916,0.080301529,0.000103764,0.033742356,0.000166424,0.029827414,0.000087595,0.051067654,0.000237128,0.050474115,0.000135793,40.386442971,0.024713843
mldsa65,verify,100000000,100,15,0.595200443,0.000416344,0.590547129,0.000369812,0.082768949,0.000237761,0.078823486,0.000199422,0.512431494,0.000479450,0.511723643,0.000420155,310.913550629,0.021370904
mldsa65,verify,1000000000,100,15,5.600598785,0.001854230,5.594893414,0.001829008,0.603158094,0.000734567,0.598938543,0.000701410,4.997440691,0.001994432,4.995954871,0.001958889,3016.225411657,0.022785687
mldsa65,all,10000000,100,15,0.117573916,0.000163646,0.113833000,0.000116927,0.014725272,0.000118012,0.011568186,0.000085303,0.102848644,0.000201759,0.102264814,0.000144736,40.553325714,0.031101647
mldsa65,all,100000000,100,15,1.081859405,0.000502609,1.077073557,0.000495634,0.064049637,0.000228898,0.060506629,0.000198540,1.017809768,0.000552277,1.016566928,0.000533921,311.014955886,0.045612687
mldsa65,all,1000000000,100,15,10.572549126,0.003770982,10.566231457,0.003768906,0.584946484,0.000814596,0.581184171,0.000759055,9.987602642,0.003857962,9.985047286,0.003844583,3016.333546057,0.032271805
mldsa44,keygen,-,100,15,0.011982005,0.000130051,0.008498657,0.000055761,0.009362841,0.000094976,0.006137871,0.000049241,0.002619164,0.000161039,0.002360786,0.000074391,9.970541714,0.025180906
mldsa44,sign,10000000,100,15,0.085833576,0.000180108,0.081192100,0.000135674,0.033599623,0.000147619,0.029760471,0.000078678,0.052233953,0.000232874,0.051431629,0.000156836,40.641974857,0.024645511
mldsa44,sign,100000000,100,15,0.596376840,0.000906014,0.591593057,0.000875816,0.082716373,0.000247547,0.078774929,0.000199165,0.513660467,0.000939224,0.512818128,0.000898176,311.159252114,0.018440813
mldsa44,sign,1000000000,100,15,5.596261345,0.003024174,5.590398957,0.002993616,0.603345483,0.000636466,0.599261429,0.000615725,4.992915862,0.003090423,4.991137528,0.003056281,3016.474858057,0.023105874
mldsa44,verify,10000000,100,15,0.084680915,0.000188172,0.080272971,0.000117356,0.033799405,0.000138299,0.029819414,0.000064651,0.050881510,0.000233528,0.050453557,0.000133986,40.378777600,0.024852948
mldsa44,verify,100000000,100,15,0.595407035,0.000618245,0.590835986,0.000610026,0.082757572,0.000239191,0.078793357,0.000206486,0.512649463,0.000662902,0.512042629,0.000644025,310.900736000,0.014919858
mldsa44,verify,1000000000,100,15,5.597848684,0.001905644,5.592253143,0.001938495,0.603613917,0.000597906,0.599469429,0.000545483,4.994234767,0.001997241,4.992783714,0.002013781,3016.220613486,0.020096234
mldsa44,all,10000000,100,15,0.117432177,0.000155379,0.113775800,0.000105601,0.014754927,0.000109963,0.011569171,0.000061305,0.102677250,0.000190354,0.102206629,0.000122106,40.552974629,0.020189094
mldsa44,all,100000000,100,15,1.081795928,0.000722513,1.076932386,0.000737618,0.064045668,0.000246513,0.060512257,0.000215248,1.017750260,0.000763409,1.016420129,0.000768383,310.990848000,0.055221748
mldsa44,all,1000000000,100,15,10.560189670,0.002904382,10.553740557,0.002930352,0.584798170,0.000504366,0.581031043,0.000498553,9.975391500,0.002947850,9.972709514,0.002972460,3016.324008229,0.031218997
falcon512,keygen,-,100,15,0.020263867,0.000822372,0.016713500,0.000848916,0.009317079,0.000112132,0.006112257,0.000041442,0.010946788,0.000829982,0.010601243,0.000849927,10.236430629,0.034929626
falcon512,sign,10000000,100,15,0.086043969,0.000198000,0.081338086,0.000100311,0.033573934,0.000167926,0.029763914,0.000094283,0.052470035,0.000259621,0.051574172,0.000137665,40.727581257,0.094761760
falcon512,sign,100000000,100,15,0.596293785,0.000483668,0.591481314,0.000496640,0.082816457,0.000310560,0.078803357,0.000265580,0.513477328,0.000574789,0.512677957,0.000563191,311.239358171,0.081685098
falcon512,sign,1000000000,100,15,5.593028201,0.001685216,5.587153186,0.001728309,0.603293735,0.000471236,0.599170686,0.000471840,4.989734466,0.001749862,4.987982500,0.001791559,3016.496040229,0.029248479
falcon512,verify,10000000,100,15,0.084795653,0.000156675,0.080196757,0.000098541,0.033664026,0.000161314,0.029770514,0.000092056,0.051131627,0.000224876,0.050426243,0.000134850,40.609148343,0.029320913
falcon512,verify,100000000,100,15,0.595236177,0.000473376,0.590537029,0.000453075,0.082689050,0.000272205,0.078798100,0.000246644,0.512547127,0.000546059,0.511738929,0.000515859,311.118877257,0.050789038
falcon512,verify,1000000000,100,15,5.596152276,0.002068308,5.590423186,0.002105270,0.603395588,0.000592901,0.599308457,0.000590217,4.992756688,0.002151611,4.991114729,0.002186440,3016.263797029,0.055882479
falcon512,all,10000000,100,15,0.126171940,0.001227579,0.122416200,0.001177584,0.014774890,0.000120434,0.011578143,0.000063685,0.111397050,0.001233473,0.110838057,0.001179305,40.694930286,0.023546699
falcon512,all,100000000,100,15,1.090694842,0.001469447,1.085684157,0.001429512,0.063962188,0.000233933,0.060507786,0.000173530,1.026732654,0.001487951,1.025176371,0.001440006,311.155097600,0.053059992
falcon512,all,1000000000,100,15,10.567670435,0.003442445,10.561068371,0.003418279,0.584814856,0.000518515,0.581069329,0.000525602,9.982855579,0.003481276,9.979999042,0.003458452,3016.484688457,0.024563064
falcon1024,keygen,-,100,15,0.036844332,0.002268864,0.033125443,0.002244840,0.009233440,0.000097707,0.006115300,0.000042699,0.027610892,0.002270967,0.027010143,0.002245246,10.234558171,0.032780771
falcon1024,sign,10000000,100,15,0.086363804,0.000206584,0.081762157,0.000103219,0.033587990,0.000167942,0.029766043,0.000092801,0.052775814,0.000266236,0.051996114,0.000138803,40.890836114,0.025427377
falcon1024,sign,100000000,100,15,0.597262245,0.000596020,0.592429100,0.000574827,0.082686731,0.000271280,0.078798429,0.000223453,0.514575514,0.000654853,0.513630671,0.000616731,311.396000914,0.041134707
falcon1024,sign,1000000000,100,15,5.598234823,0.001935067,5.592336586,0.001967810,0.603480637,0.000581547,0.599411557,0.000585113,4.994754186,0.002020565,4.992925029,0.002052957,3016.721788343,0.033055516
falcon1024,verify,10000000,100,15,0.084879368,0.000210733,0.080256286,0.000111659,0.033711093,0.000170051,0.029803243,0.000092912,0.051168275,0.000270787,0.050453043,0.000145260,40.613888000,0.034182569
falcon1024,verify,100000000,100,15,0.595187724,0.000506021,0.590424743,0.000452181,0.082627667,0.000274750,0.078722857,0.000225093,0.512560057,0.000575799,0.511701886,0.000505108,311.143804343,0.027899518
falcon1024,verify,1000000000,100,15,5.594933662,0.002268378,5.589296671,0.002196560,0.603408137,0.000566643,0.599334300,0.000552882,4.991525525,0.002338081,4.989962371,0.002265073,3016.279186286,0.065410317
falcon1024,all,10000000,100,15,0.143140146,0.002017330,0.139326029,0.001948056,0.014732756,0.000122447,0.011552629,0.000059125,0.128407390,0.002021043,0.127773400,0.001948953,40.755141486,0.017045775
falcon1024,all,100000000,100,15,1.107794987,0.001890482,1.102808971,0.001869775,0.064069403,0.000236080,0.060533086,0.000218024,1.043725584,0.001905166,1.042275885,0.001882443,311.225431771,0.057361685
falcon1024,all,1000000000,100,15,10.583869126,0.004224620,10.577280157,0.004245423,0.585040543,0.000707449,0.581273343,0.000644710,9.998828583,0.004283445,9.996006814,0.004294097,3016.548878629,0.037475203
RSA,keygen,-,100,15,0.195519298,0.053762492,0.192037343,0.053709361,0.009270279,0.000113878,0.006130700,0.000043401,0.186249019,0.053762613,0.185906643,0.053709379,9.376036571,0.003776095
RSA,sign,10000000,100,15,0.045290843,0.000166553,0.041236300,0.000088569,0.033284885,0.000134542,0.029495886,0.000073438,0.012005958,0.000214106,0.011740414,0.000115055,19.859748571,0.052131570
RSA,sign,100000000,100,15,0.176117658,0.000318773,0.171841643,0.000256606,0.082360370,0.000285421,0.078468443,0.000249676,0.093757288,0.000427880,0.093373200,0.000358029,110.037752686,0.055026754
RSA,sign,1000000000,100,15,1.510853740,0.000603072,1.506035471,0.000542583,0.603140985,0.000463480,0.599094571,0.000442465,0.907712755,0.000760598,0.906940900,0.000700123,1011.637277257,0.058976293
RSA,verify,10000000,100,15,0.043246400,0.000152099,0.039159571,0.000087833,0.033271788,0.000163545,0.029516814,0.000072865,0.009974612,0.000223341,0.009642757,0.000114122,19.647049143,0.006904664
RSA,verify,100000000,100,15,0.174016847,0.000347614,0.169846771,0.000298627,0.082365259,0.000277268,0.078544857,0.000242902,0.091651588,0.000444649,0.091301914,0.000384941,109.819552914,0.020023679
RSA,verify,1000000000,100,15,1.508346200,0.000533901,1.503687014,0.000504993,0.603181950,0.000592652,0.599111971,0.000609115,0.905164250,0.000797676,0.904575043,0.000791226,1011.607493486,0.017134670
RSA,all,10000000,100,15,0.249196256,0.064619802,0.245499329,0.064601809,0.014773541,0.000134667,0.011550329,0.000068166,0.234422715,0.064619942,0.233949000,0.064601845,19.548218514,0.010819996
RSA,all,100000000,100,15,0.489133418,0.079833398,0.484820271,0.079798458,0.064054256,0.000204606,0.060528514,0.000195344,0.425079162,0.079833660,0.424291757,0.079798697,109.833420800,0.053829769
RSA,all,1000000000,100,15,2.604410493,0.063395162,2.599497300,0.063392127,0.584956970,0.000616373,0.581272014,0.000588624,2.019453523,0.063398158,2.018225286,0.063394860,1011.580284343,0.057401782
EC,keygen,-,100,15,0.011647090,0.000098835,0.008300886,0.000057734,0.009215286,0.000099285,0.006109271,0.000052154,0.002431804,0.000140092,0.002191615,0.000077803,9.437008457,0.018442692
EC,sign,10000000,100,15,0.043985252,0.000159618,0.040042814,0.000071631,0.033224171,0.000132467,0.029525457,0.000091166,0.010761081,0.000207426,0.010517357,0.000115941,19.871626971,0.038422123
EC,sign,100000000,100,15,0.174885196,0.000305500,0.170695929,0.000267869,0.082310824,0.000217532,0.078553286,0.000203914,0.092574372,0.000375034,0.092142643,0.000336652,110.051210971,0.044252690
EC,sign,1000000000,100,15,1.509816261,0.000709040,1.505245714,0.000692415,0.603245058,0.000579578,0.599213357,0.000530448,0.906571203,0.000915777,0.906032357,0.000872246,1011.822299429,0.048835975
EC,verify,10000000,100,15,0.043292715,0.000142132,0.039289200,0.000082073,0.033263876,0.000148463,0.029534743,0.000089491,0.010028839,0.000205530,0.009754457,0.000121427,19.644240457,0.011594379
EC,verify,100000000,100,15,0.173944237,0.000325739,0.169842443,0.000310202,0.082337990,0.000203487,0.078533657,0.000190537,0.091606247,0.000384074,0.091308786,0.000364046,109.841846857,0.034490857
EC,verify,1000000000,100,15,1.508616342,0.000647780,1.504062586,0.000646892,0.603156282,0.000638567,0.599130714,0.000583670,0.905460060,0.000909608,0.904931872,0.000871286,1011.615802514,0.035631357
EC,all,10000000,100,15,0.036306665,0.000125007,0.032708857,0.000076836,0.014796709,0.000116752,0.011569400,0.000070267,0.021509956,0.000171049,0.021139457,0.000104121,19.765365029,0.087059036
EC,all,100000000,100,15,0.249202309,0.000338068,0.244735029,0.000288441,0.064065864,0.000211583,0.060490700,0.000194163,0.185136445,0.000398820,0.184244329,0.000347703,109.942257371,0.049068681
EC,all,1000000000,100,15,2.397237265,0.000773392,2.392114429,0.000756228,0.585030142,0.000489306,0.581296014,0.000461660,1.812207123,0.000915181,1.810818415,0.000886008,1011.693860571,0.053784451
