algorithm,operation,size,reps,trim_pct,trim_wall_s_raw,std_wall_s_raw,trim_cpu_s_raw,std_cpu_s_raw,trim_wall_s_base,std_wall_s_base,trim_cpu_s_base,std_cpu_s_base,net_wall_s,std_net_wall_s,net_cpu_s,std_net_cpu_s,trim_mem_mb,std_mem_mb,failures_raw,failures_base
sphincsshake256ssimple,keygen,-,100,15,0.653092232,0.000805766,0.634886029,0.000364274,0.054429586,0.000858935,0.037756186,0.000375557,0.598662646,0.001177722,0.597129843,0.000523200,9.472994743,0.012681135,0,0
sphincsshake256ssimple,sign,256,100,15,7.160039662,0.005130091,7.138712814,0.005493810,0.200905169,0.000524577,0.182815829,0.000223894,6.959134493,0.005156842,6.955896985,0.005498370,9.721095314,0.037381717,0,0
sphincsshake256ssimple,sign,10000,100,15,7.160875790,0.005265732,7.140197343,0.005440928,0.201133098,0.000658505,0.182991857,0.000302166,6.959742692,0.005306747,6.957205486,0.005449312,9.719749486,0.041826389,0,0
sphincsshake256ssimple,sign,10000000,100,15,7.455947183,0.005091970,7.434877071,0.005503689,0.223594910,0.000763346,0.205306943,0.000309714,7.232352273,0.005148869,7.229570128,0.005512397,39.745770057,0.082772271,0,0
sphincsshake256ssimple,verify,256,100,15,0.216931614,0.000529850,0.198639743,0.000309785,0.202047176,0.000520388,0.184138314,0.000221721,0.014884438,0.000742661,0.014501429,0.000380955,9.523609600,0.017154652,0,0
sphincsshake256ssimple,verify,10000,100,15,0.216970545,0.000481228,0.198853886,0.000201675,0.202126600,0.000538389,0.184242729,0.000269118,0.014843945,0.000722110,0.014611157,0.000336299,9.521152000,0.014253077,0,0
sphincsshake256ssimple,verify,10000000,100,15,0.407177209,0.000757402,0.388564171,0.000626974,0.224437036,0.000630888,0.206447229,0.000347355,0.182740173,0.000985737,0.182116942,0.000716765,39.685207771,0.039878210,0,0
sphincsshake256ssimple,all,256,100,15,7.624652763,0.002309276,7.604279557,0.001464661,0.054478704,0.000704639,0.037831171,0.000250409,7.570174059,0.002414388,7.566448386,0.001485913,9.590784000,0.089210990,0,0
sphincsshake256ssimple,all,10000,100,15,7.619194334,0.005488660,7.598201157,0.005506998,0.054589263,0.000599223,0.037917743,0.000359781,7.564605071,0.005521273,7.560283414,0.005518738,9.599678171,0.091173518,0,0
sphincsshake256ssimple,all,10000000,100,15,8.086083169,0.004026994,8.065378986,0.004488650,0.076771378,0.000642387,0.060186000,0.000364452,8.009311791,0.004077909,8.005192986,0.004503421,39.749514971,0.009655744,0,0
sphincsshake256fsimple,keygen,-,100,15,0.107497187,0.000716048,0.089393243,0.000344691,0.054254424,0.000563343,0.037768300,0.000262525,0.053242763,0.000911087,0.051624943,0.000433280,9.466616686,0.021200944,0,0
sphincsshake256fsimple,sign,256,100,15,0.946842956,0.000672443,0.928132243,0.000383964,0.201281672,0.000594734,0.183068214,0.000351214,0.745561284,0.000897713,0.745064029,0.000520365,9.747719314,0.011591382,0,0
sphincsshake256fsimple,sign,10000,100,15,0.946997674,0.000665301,0.928265343,0.000434371,0.201093361,0.000612349,0.183112343,0.000345537,0.745904313,0.000904211,0.745153000,0.000555044,9.744266971,0.008983945,0,0
sphincsshake256fsimple,sign,10000000,100,15,1.243528014,0.000746338,1.224666086,0.000545297,0.223317660,0.000650252,0.205246843,0.000357493,1.020210354,0.000989873,1.019419243,0.000652035,39.656769829,0.049418268,0,0
sphincsshake256fsimple,verify,256,100,15,0.228207215,0.000565451,0.209839000,0.000319247,0.203228913,0.000589623,0.185295586,0.000306421,0.024978302,0.000816939,0.024543414,0.000442507,9.795349943,0.023500111,0,0
sphincsshake256fsimple,verify,10000,100,15,0.227724487,0.000584793,0.209487686,0.000223300,0.203154209,0.000479762,0.185225214,0.000253553,0.024570278,0.000756409,0.024262472,0.000337864,9.772529371,0.062032435,0,0
sphincsshake256fsimple,verify,10000000,100,15,0.417956688,0.000774440,0.399350271,0.000709451,0.225403220,0.000502557,0.207460200,0.000280423,0.192553468,0.000923212,0.191890071,0.000762862,39.718268343,0.043619944,0,0
sphincsshake256fsimple,all,256,100,15,0.871321230,0.000723579,0.852862043,0.000350454,0.054758809,0.000791466,0.037942486,0.000338392,0.816562421,0.001072374,0.814919557,0.000487162,9.567553829,0.085310572,0,0
sphincsshake256fsimple,all,10000,100,15,0.871192426,0.000949165,0.852805314,0.000493771,0.054496428,0.000633658,0.037903986,0.000241887,0.816695998,0.001141243,0.814901328,0.000549836,9.677911771,0.052194963,0,0
sphincsshake256fsimple,all,10000000,100,15,1.332932211,0.001062192,1.314428314,0.000968540,0.076743190,0.000690597,0.060190471,0.000340276,1.256189021,0.001266955,1.254237843,0.001026576,39.754371657,0.010573199,0,0
sphincsshake192ssimple,keygen,-,100,15,0.946385477,0.000818295,0.927941900,0.000380017,0.054382191,0.000672764,0.037801443,0.000305153,0.892003286,0.001059348,0.890140457,0.000487372,9.465270857,0.028078906,0,0
sphincsshake192ssimple,sign,256,100,15,8.091607689,0.012131094,8.069855643,0.013073290,0.202053894,0.000558848,0.184017800,0.000330614,7.889553795,0.012143960,7.885837843,0.013077470,9.717584457,0.042220951,0,0
sphincsshake192ssimple,sign,10000,100,15,8.090518021,0.011913037,8.068895371,0.012501711,0.202022003,0.000533503,0.184008371,0.000290915,7.888496018,0.011924977,7.884887000,0.012505095,9.710445714,0.047127315,0,0
sphincsshake192ssimple,sign,10000000,100,15,8.388028636,0.012304522,8.367196100,0.012987961,0.224317026,0.000695909,0.206195243,0.000384308,8.163711610,0.012324186,8.161000857,0.012993646,39.735471543,0.086610216,0,0
sphincsshake192ssimple,verify,256,100,15,0.213609328,0.000629057,0.195513943,0.000320178,0.202531061,0.000578968,0.184593586,0.000265970,0.011078267,0.000854937,0.010920357,0.000416238,9.511731200,0.030023299,0,0
sphincsshake192ssimple,verify,10000,100,15,0.213889318,0.000479912,0.195659314,0.000325307,0.202688483,0.000551676,0.184726543,0.000324607,0.011200835,0.000731206,0.010932771,0.000459559,9.499677257,0.004713469,0,0
sphincsshake192ssimple,verify,10000000,100,15,0.404562685,0.000827481,0.386042700,0.000682585,0.225034709,0.000582158,0.206962000,0.000322526,0.179527976,0.001011747,0.179080700,0.000754947,39.668823771,0.044473022,0,0
sphincsshake192ssimple,all,256,100,15,8.839432878,0.013418437,8.818712029,0.013781882,0.054684061,0.000567263,0.038053886,0.000344891,8.784748817,0.013430422,8.780658143,0.013786197,9.580134400,0.087819377,0,0
sphincsshake192ssimple,all,10000,100,15,8.839384106,0.012683165,8.818392829,0.012979001,0.054702397,0.000728924,0.037926014,0.000320289,8.784681709,0.012704094,8.780466815,0.012982952,9.605939200,0.084282971,0,0
sphincsshake192ssimple,all,10000000,100,15,9.301925222,0.014404205,9.280901614,0.014348959,0.077287697,0.000814626,0.060403300,0.000385197,9.224637525,0.014427222,9.220498314,0.014354128,39.716161829,0.042307452,0,0
sphincsshake192fsimple,keygen,-,100,15,0.084679011,0.000634152,0.066581143,0.000272489,0.054191938,0.000533493,0.037700229,0.000234681,0.030487073,0.000828712,0.028880914,0.000359618,9.474399086,0.007170937,0,0
sphincsshake192fsimple,sign,256,100,15,0.569957460,0.000622295,0.551166829,0.000252566,0.202134723,0.000581207,0.184065400,0.000328283,0.367822737,0.000851500,0.367101429,0.000414197,9.719515429,0.040580229,0,0
sphincsshake192fsimple,sign,10000,100,15,0.569414828,0.000736153,0.550671700,0.000619020,0.201871116,0.000468659,0.183935743,0.000240693,0.367543712,0.000872675,0.366735957,0.000664168,9.713137371,0.051420573,0,0
sphincsshake192fsimple,sign,10000000,100,15,0.865836381,0.000823400,0.846754786,0.000652422,0.224402039,0.000629943,0.206316843,0.000355683,0.641434342,0.001036733,0.640437943,0.000743078,39.640970971,0.039020241,0,0
sphincsshake192fsimple,verify,256,100,15,0.227148133,0.000608896,0.208827800,0.000298612,0.203632875,0.000609234,0.185518100,0.000318701,0.023515258,0.000861348,0.023309700,0.000436737,9.535956114,0.027530226,0,0
sphincsshake192fsimple,verify,10000,100,15,0.227433536,0.000574167,0.209215229,0.000279342,0.203541897,0.000650657,0.185491114,0.000300683,0.023891639,0.000867769,0.023724115,0.000410417,9.528758857,0.011543938,0,0
sphincsshake192fsimple,verify,10000000,100,15,0.418065678,0.000712621,0.399531257,0.000489586,0.225886088,0.000714012,0.207738686,0.000378488,0.192179590,0.001008782,0.191792571,0.000618828,39.679473371,0.020152931,0,0
sphincsshake192fsimple,all,256,100,15,0.469269965,0.000872526,0.451072129,0.000636616,0.054321921,0.000576312,0.037786443,0.000249536,0.414948044,0.001045675,0.413285686,0.000683775,9.575219200,0.097022699,0,0
sphincsshake192fsimple,all,10000,100,15,0.469463810,0.000936126,0.451407343,0.000680493,0.054323859,0.000670016,0.037758114,0.000208795,0.415139951,0.001151196,0.413649229,0.000711805,9.542509714,0.089187527,0,0
sphincsshake192fsimple,all,10000000,100,15,0.931359148,0.001044591,0.912775729,0.000849853,0.077149245,0.000805198,0.060251486,0.000364557,0.854209903,0.001318906,0.852524243,0.000924744,39.744190171,0.019600001,0,0
sphincsshake128ssimple,keygen,-,100,15,0.666863182,0.000914918,0.648596800,0.001015282,0.054423021,0.000638762,0.037686400,0.000196044,0.612440161,0.001115837,0.610910400,0.001034036,9.463749486,0.030105330,0,0
sphincsshake128ssimple,sign,256,100,15,4.738031334,0.008713295,4.717823614,0.009259426,0.202100375,0.000668552,0.183676586,0.000268463,4.535930959,0.008738906,4.534147028,0.009263317,9.725600914,0.033403637,0,0
sphincsshake128ssimple,sign,10000,100,15,4.738644603,0.008265244,4.717953786,0.008620393,0.201913655,0.000591001,0.183836114,0.000294946,4.536730948,0.008286347,4.534117672,0.008625437,9.725074286,0.029832723,0,0
sphincsshake128ssimple,sign,10000000,100,15,5.044283521,0.001332325,5.023337500,0.000879953,0.224257458,0.000845432,0.205948386,0.000311944,4.820026063,0.001577924,4.817389114,0.000933609,39.751504457,0.085491264,0,0
sphincsshake128ssimple,verify,256,100,15,0.211305279,0.000582909,0.192961557,0.000264505,0.202120904,0.000498993,0.184213686,0.000229185,0.009184375,0.000767318,0.008747871,0.000349984,9.498214400,0.025423621,0,0
sphincsshake128ssimple,verify,10000,100,15,0.211647081,0.000493664,0.193262929,0.000249074,0.202129535,0.000517970,0.184274871,0.000252840,0.009517546,0.000715540,0.008988058,0.000354917,9.488442514,0.005523731,0,0
sphincsshake128ssimple,verify,10000000,100,15,0.402228184,0.000772560,0.383240529,0.000604253,0.224649520,0.000591144,0.206617814,0.000297188,0.177578664,0.000972780,0.176622715,0.000673381,39.645593600,0.023203507,0,0
sphincsshake128ssimple,all,256,100,15,5.215921260,0.001770838,5.195952414,0.001177531,0.054362560,0.000537083,0.037824614,0.000212264,5.161558700,0.001850493,5.158127800,0.001196510,9.590315886,0.089302365,0,0
sphincsshake128ssimple,all,10000,100,15,5.204113221,0.009199482,5.184037243,0.009640082,0.054262849,0.000519359,0.037787329,0.000215232,5.149850372,0.009214131,5.146249914,0.009642484,9.663107657,0.055309237,0,0
sphincsshake128ssimple,all,10000000,100,15,5.666615555,0.008716771,5.645626357,0.009090572,0.076736635,0.000554505,0.060155757,0.000265464,5.589878920,0.008734390,5.585470600,0.009094447,39.703815314,0.049651777,0,0
sphincsshake128fsimple,keygen,-,100,15,0.080114479,0.000687746,0.062154286,0.000226550,0.054587594,0.000742093,0.037769314,0.000251560,0.025526885,0.001011779,0.024384972,0.000338537,9.472117029,0.013226153,0,0
sphincsshake128fsimple,sign,256,100,15,0.433552562,0.000639851,0.414794329,0.000303522,0.201953153,0.000570431,0.183786771,0.000270565,0.231599409,0.000857205,0.231007558,0.000406609,9.722324114,0.038859900,0,0
sphincsshake128fsimple,sign,10000,100,15,0.433418418,0.000698311,0.414581300,0.000387537,0.202332376,0.000690275,0.184044343,0.000357893,0.231086042,0.000981895,0.230536957,0.000527515,9.720159086,0.041868514,0,0
sphincsshake128fsimple,sign,10000000,100,15,0.729937576,0.000867804,0.710754914,0.000594638,0.224696813,0.000807569,0.206193957,0.000380516,0.505240763,0.001185433,0.504560957,0.000705965,39.645535086,0.037493426,0,0
sphincsshake128fsimple,verify,256,100,15,0.220417894,0.000569490,0.202076086,0.000356583,0.202716855,0.000512877,0.184719243,0.000262962,0.017701039,0.000766395,0.017356843,0.000443058,9.504650971,0.011579389,0,0
sphincsshake128fsimple,verify,10000,100,15,0.220205070,0.000487891,0.201895829,0.000289661,0.202534961,0.000470995,0.184725286,0.000241554,0.017670109,0.000678140,0.017170543,0.000377163,9.506698971,0.016204506,0,0
sphincsshake128fsimple,verify,10000000,100,15,0.411575012,0.000854288,0.392734129,0.000667436,0.225079358,0.000590241,0.207034300,0.000343352,0.186495654,0.001038360,0.185699829,0.000750574,39.658700800,0.026993366,0,0
sphincsshake128fsimple,all,256,100,15,0.323323803,0.000748066,0.305035014,0.000347535,0.054503896,0.000610304,0.037855400,0.000255354,0.268819907,0.000965440,0.267179614,0.000431261,9.555968000,0.090612492,0,0
sphincsshake128fsimple,all,10000,100,15,0.322984870,0.000719928,0.304916643,0.000530776,0.054541029,0.000542390,0.037910471,0.000284556,0.268443841,0.000901379,0.267006172,0.000602242,9.567612343,0.095352511,0,0
sphincsshake128fsimple,all,10000000,100,15,0.784564461,0.001037881,0.765979214,0.000909657,0.077109591,0.000599396,0.060316057,0.000315022,0.707454870,0.001198529,0.705663157,0.000962660,39.660631771,0.050113037,0,0
sphincssha2256ssimple,keygen,-,100,15,0.904362390,0.001069429,0.885784700,0.000585910,0.054264858,0.000553591,0.037713971,0.000252170,0.850097532,0.001204218,0.848070729,0.000637872,9.515066514,0.054457997,0,0
sphincssha2256ssimple,sign,256,100,15,10.373037337,0.006084814,10.351341657,0.005567249,0.201243780,0.000586133,0.183074057,0.000234119,10.171793557,0.006112979,10.168267600,0.005572170,9.734436571,0.011406969,0,0
sphincssha2256ssimple,sign,10000,100,15,10.384048331,0.005169009,10.362097514,0.004625998,0.201477684,0.000666658,0.183278329,0.000307452,10.182570647,0.005211822,10.178819185,0.004636204,9.740053943,0.006348779,0,0
sphincssha2256ssimple,sign,10000000,100,15,10.594868277,0.003497589,10.572936814,0.003130942,0.223472164,0.000600636,0.205397771,0.000352881,10.371396113,0.003548787,10.367539043,0.003150765,39.808087771,0.101432984,0,0
sphincssha2256ssimple,verify,256,100,15,0.228337807,0.000455969,0.209834800,0.000269027,0.202285869,0.000565247,0.184512900,0.000243303,0.026051938,0.000726231,0.025321900,0.000362728,9.771300571,0.021925748,0,0
sphincssha2256ssimple,verify,10000,100,15,0.228003378,0.000430058,0.209479886,0.000264764,0.202450024,0.000547977,0.184464900,0.000286772,0.025553354,0.000696584,0.025014986,0.000390305,9.747309714,0.054286499,0,0
sphincssha2256ssimple,verify,10000000,100,15,0.382462427,0.000665131,0.363695514,0.000616842,0.224545873,0.000524004,0.206557714,0.000293370,0.157916554,0.000846746,0.157137800,0.000683052,39.672100571,0.017061153,0,0
sphincssha2256ssimple,all,256,100,15,11.088094906,0.020384392,11.066492771,0.020336749,0.054478386,0.000615560,0.037819214,0.000214434,11.033616520,0.020393684,11.028673557,0.020337879,9.747777829,0.038080456,0,0
sphincssha2256ssimple,all,10000,100,15,11.074607762,0.003709894,11.052821171,0.003381126,0.054302711,0.000564686,0.037786329,0.000221119,11.020305051,0.003752624,11.015034842,0.003388349,9.753629257,0.026842839,0,0
sphincssha2256ssimple,all,10000000,100,15,11.432181323,0.003315939,11.410463843,0.002990689,0.076826550,0.000615308,0.060186400,0.000314091,11.355354773,0.003372544,11.350277443,0.003007137,39.817274514,0.026338146,0,0
sphincssha2256fsimple,keygen,-,100,15,0.123711181,0.000563675,0.105764514,0.000291896,0.054431243,0.000624916,0.037862171,0.000262074,0.069279938,0.000841576,0.067902343,0.000392283,9.475920457,0.002170282,0,0
sphincssha2256fsimple,sign,256,100,15,1.259934537,0.000848184,1.240869343,0.000708969,0.201288806,0.000507533,0.183154786,0.000275057,1.058645731,0.000988436,1.057714557,0.000760456,9.758895543,0.032913750,0,0
sphincssha2256fsimple,sign,10000,100,15,1.259610902,0.000788244,1.240633900,0.000658931,0.201546257,0.000582104,0.183446586,0.000308368,1.058064645,0.000979885,1.057187314,0.000727517,9.767321600,0.035409969,0,0
sphincssha2256fsimple,sign,10000000,100,15,1.485927094,0.000875072,1.466633171,0.000787042,0.223849130,0.000664287,0.205581786,0.000299667,1.262077964,0.001098648,1.261051385,0.000842161,39.883629714,0.019399513,0,0
sphincssha2256fsimple,verify,256,100,15,0.242919105,0.000590582,0.224315614,0.000329840,0.203260622,0.000413953,0.185434857,0.000223430,0.039658483,0.000721210,0.038880757,0.000398391,9.804770743,0.005061705,0,0
sphincssha2256fsimple,verify,10000,100,15,0.242625034,0.000574938,0.224080314,0.000272760,0.203451758,0.000555558,0.185444086,0.000243718,0.039173276,0.000799499,0.038636228,0.000365782,9.802547200,0.010047640,0,0
sphincssha2256fsimple,verify,10000000,100,15,0.397548771,0.000716033,0.378853614,0.000621649,0.225680756,0.000595702,0.207613886,0.000298281,0.171868015,0.000931431,0.171239728,0.000689506,39.746706286,0.065772625,0,0
sphincssha2256fsimple,all,256,100,15,1.206632574,0.002541149,1.187803771,0.002018301,0.054623687,0.000854731,0.037792829,0.000179392,1.152008887,0.002681045,1.150010942,0.002026258,9.746256457,0.012757600,0,0
sphincssha2256fsimple,all,10000,100,15,1.205361008,0.000807805,1.186805200,0.000529889,0.054309439,0.000462736,0.037841857,0.000135864,1.151051569,0.000930953,1.148963343,0.000547030,9.747426743,0.022431309,0,0
sphincssha2256fsimple,all,10000000,100,15,1.561524107,0.001338329,1.542508700,0.001026689,0.076726080,0.000590179,0.060033757,0.000233733,1.484798027,0.001462681,1.482474943,0.001052958,39.803465143,0.032342547,0,0
sphincssha2192ssimple,keygen,-,100,15,1.321534008,0.001051857,1.302997486,0.000526372,0.054130283,0.000485040,0.037725686,0.000219652,1.267403725,0.001158303,1.265271800,0.000570363,9.505587200,0.046812611,0,0
sphincssha2192ssimple,sign,256,100,15,11.626623409,0.004703972,11.604879043,0.004286241,0.202015747,0.000457009,0.184078143,0.000195379,11.424607662,0.004726120,11.420800900,0.004290692,9.731744914,0.014304042,0,0
sphincssha2192ssimple,sign,10000,100,15,11.624744479,0.003078415,11.602836343,0.002622488,0.202169452,0.000490008,0.184067957,0.000183923,11.422575027,0.003117170,11.418768386,0.002628930,9.736777143,0.007422291,0,0
sphincssha2192ssimple,sign,10000000,100,15,11.851479200,0.003044720,11.829343843,0.003012608,0.224430837,0.000566010,0.206321643,0.000289964,11.627048363,0.003096883,11.623022200,0.003026530,39.857473829,0.058792677,0,0
sphincssha2192ssimple,verify,256,100,15,0.223319027,0.000536233,0.204919886,0.000234461,0.203202126,0.000642783,0.184945443,0.000376378,0.020116901,0.000837088,0.019974443,0.000443432,9.753453714,0.024376254,0,0
sphincssha2192ssimple,verify,10000,100,15,0.223225616,0.000535095,0.205014000,0.000282337,0.203281656,0.000681722,0.184944043,0.000340052,0.019943960,0.000866644,0.020069957,0.000441984,9.733909943,0.047571472,0,0
sphincssha2192ssimple,verify,10000000,100,15,0.379207038,0.000825974,0.360483157,0.000693534,0.225431480,0.000784847,0.207150186,0.000357890,0.153775558,0.001139394,0.153332971,0.000780432,39.679882971,0.055445726,0,0
sphincssha2192ssimple,all,256,100,15,12.742661564,0.004702723,12.720948757,0.004837872,0.054392730,0.000612983,0.037905314,0.000288222,12.688268834,0.004742505,12.683043443,0.004846450,9.731861943,0.042279652,0,0
sphincssha2192ssimple,all,10000,100,15,12.742289419,0.005556992,12.720148714,0.005387412,0.054701617,0.000660324,0.037931529,0.000295962,12.687587802,0.005596087,12.682217185,0.005395535,9.731920457,0.057907026,0,0
sphincssha2192ssimple,all,10000000,100,15,13.101799262,0.005679968,13.080037243,0.005315945,0.076981921,0.000671009,0.060230771,0.000377087,13.024817341,0.005719466,13.019806472,0.005329303,39.806800457,0.029550550,0,0
sphincssha2192fsimple,keygen,-,100,15,0.091910885,0.000607246,0.073932886,0.000340424,0.054316968,0.000544761,0.037818014,0.000236130,0.037593917,0.000815789,0.036114872,0.000414302,9.475218286,0.010416982,0,0
sphincssha2192fsimple,sign,256,100,15,0.723286599,0.000810217,0.704006029,0.000448385,0.202222504,0.000569329,0.184121571,0.000302017,0.521064095,0.000990246,0.519884458,0.000540614,9.738532571,0.010950193,0,0
sphincssha2192fsimple,sign,10000,100,15,0.722705519,0.000613254,0.703974071,0.000446886,0.202350368,0.000568310,0.184308286,0.000314677,0.520355151,0.000836096,0.519665785,0.000546561,9.736016457,0.010835555,0,0
sphincssha2192fsimple,sign,10000000,100,15,0.949713319,0.000861833,0.930542543,0.000753813,0.224735277,0.000522261,0.206653000,0.000376583,0.724978042,0.001007726,0.723889543,0.000842644,39.677366857,0.078334050,0,0
sphincssha2192fsimple,verify,256,100,15,0.241948543,0.000815931,0.223294129,0.000357518,0.203747941,0.000610922,0.185641057,0.000230369,0.038200602,0.001019298,0.037653072,0.000425310,9.767497143,0.040464508,0,0
sphincssha2192fsimple,verify,10000,100,15,0.241658100,0.000517225,0.223202914,0.000258643,0.203685756,0.000597221,0.185724429,0.000293895,0.037972344,0.000790060,0.037478485,0.000391498,9.778965943,0.019471359,0,0
sphincssha2192fsimple,verify,10000000,100,15,0.397572712,0.000836016,0.378890271,0.000657909,0.225995843,0.000644491,0.207891400,0.000292731,0.171576869,0.001055600,0.170998871,0.000720094,39.688192000,0.027470166,0,0
sphincssha2192fsimple,all,256,100,15,0.636228344,0.000954846,0.617670157,0.000654791,0.054557626,0.000533639,0.037918314,0.000265671,0.581670718,0.001093847,0.579751843,0.000706635,9.755092114,0.014928698,0,0
sphincssha2192fsimple,all,10000,100,15,0.636423534,0.000915576,0.617874300,0.000534824,0.054774990,0.000658409,0.037986457,0.000281570,0.581648544,0.001127733,0.579887843,0.000604416,9.754624000,0.017952514,0,0
sphincssha2192fsimple,all,10000000,100,15,0.992646518,0.000889572,0.973881257,0.000800657,0.076826969,0.000610425,0.060173943,0.000318162,0.915819549,0.001078868,0.913707314,0.000861556,39.790650514,0.031687165,0,0
sphincssha2128ssimple,keygen,-,100,15,0.937443789,0.001304172,0.919047629,0.001201309,0.054656066,0.000794318,0.037789757,0.000221220,0.882787723,0.001527025,0.881257872,0.001221508,9.512257829,0.049155569,0,0
sphincssha2128ssimple,sign,256,100,15,6.804070658,0.003221285,6.782911086,0.002730873,0.202216171,0.000516873,0.183975271,0.000277275,6.601854487,0.003262489,6.598935815,0.002744913,9.739293257,0.002911859,0,0
sphincssha2128ssimple,sign,10000,100,15,6.805447029,0.003708586,6.784148343,0.003166343,0.202403096,0.000634295,0.184237529,0.000357149,6.603043933,0.003762438,6.599910814,0.003186422,9.735899429,0.008939176,0,0
sphincssha2128ssimple,sign,10000000,100,15,7.107500473,0.002503508,7.086023957,0.002145270,0.224591842,0.000617358,0.206431157,0.000346217,6.882908631,0.002578504,6.879592800,0.002173028,39.786671543,0.106550065,0,0
sphincssha2128ssimple,verify,256,100,15,0.220315775,0.000601857,0.201690614,0.000347359,0.202689157,0.000607757,0.184600271,0.000278176,0.017626618,0.000855336,0.017090343,0.000445017,9.747426743,0.005565080,0,0
sphincssha2128ssimple,verify,10000,100,15,0.220770249,0.000541258,0.202254729,0.000274232,0.202585240,0.000541685,0.184565557,0.000280061,0.018185009,0.000765756,0.017689172,0.000391966,9.731861943,0.033055284,0,0
sphincssha2128ssimple,verify,10000000,100,15,0.414583289,0.000855700,0.395660057,0.000556247,0.225069875,0.000607012,0.206886814,0.000315657,0.189513414,0.001049136,0.188773243,0.000639570,39.662153143,0.045841296,0,0
sphincssha2128ssimple,all,256,100,15,7.534698843,0.005707240,7.514123414,0.005473250,0.054586866,0.000534624,0.037961714,0.000269345,7.480111977,0.005732226,7.476161700,0.005479873,9.742160457,0.034288645,0,0
sphincssha2128ssimple,all,10000,100,15,7.542635244,0.003361081,7.522106071,0.003302140,0.054523575,0.000574447,0.037922729,0.000306517,7.488111669,0.003409817,7.484183342,0.003316336,9.757959314,0.022124147,0,0
sphincssha2128ssimple,all,10000000,100,15,8.007863746,0.005918504,7.986982029,0.005966301,0.077046581,0.000717412,0.060257186,0.000336165,7.930817165,0.005961826,7.926724843,0.005975764,39.811657143,0.030324962,0,0
sphincssha2128fsimple,keygen,-,100,15,0.085558232,0.000571023,0.067689157,0.000254766,0.054346628,0.000522031,0.037779114,0.000242154,0.031211604,0.000773682,0.029910043,0.000351489,9.476505600,0.002455620,0,0
sphincssha2128fsimple,sign,256,100,15,0.527937893,0.000662283,0.509035257,0.000388794,0.202288244,0.000573114,0.184032486,0.000346913,0.325649649,0.000875830,0.325002771,0.000521066,9.734963200,0.010161938,0,0
sphincssha2128fsimple,sign,10000,100,15,0.528270734,0.000591419,0.509372671,0.000393332,0.202403798,0.000544097,0.184118943,0.000279998,0.325866936,0.000803628,0.325253728,0.000482814,9.737596343,0.005829679,0,0
sphincssha2128fsimple,sign,10000000,100,15,0.831470326,0.000932897,0.811917314,0.000684470,0.224646459,0.000600587,0.206455671,0.000351333,0.606823867,0.001109505,0.605461643,0.000769373,39.677425371,0.074798386,0,0
sphincssha2128fsimple,verify,256,100,15,0.232744079,0.000534722,0.214388929,0.000286042,0.203154033,0.000585083,0.185058857,0.000324474,0.029590046,0.000792622,0.029330072,0.000432555,9.757608229,0.009792022,0,0
sphincssha2128fsimple,verify,10000,100,15,0.233002264,0.000514252,0.214470457,0.000353806,0.203204638,0.000603266,0.185097843,0.000339635,0.029797626,0.000792707,0.029372614,0.000490439,9.756554971,0.012178112,0,0
sphincssha2128fsimple,verify,10000000,100,15,0.427013486,0.000693765,0.408053114,0.000548406,0.225371366,0.000459513,0.207240114,0.000285472,0.201642120,0.000832143,0.200813000,0.000618258,39.673973029,0.041962654,0,0
sphincssha2128fsimple,all,256,100,15,0.426757443,0.000657362,0.408534757,0.000504979,0.054690625,0.000662983,0.037909657,0.000232995,0.372066818,0.000933633,0.370625100,0.000556139,9.740990171,0.011668291,0,0
sphincssha2128fsimple,all,10000,100,15,0.427701396,0.000779821,0.409380757,0.000455515,0.054526857,0.000584344,0.037952029,0.000248931,0.373174539,0.000974463,0.371428728,0.000519096,9.747485257,0.015411826,0,0
sphincssha2128fsimple,all,10000000,100,15,0.897374356,0.001019503,0.878548757,0.000992328,0.077022498,0.000654953,0.060264043,0.000298735,0.820351858,0.001211755,0.818284714,0.001036319,39.790943086,0.031104383,0,0
mldsa87,keygen,-,100,15,0.071878342,0.000838883,0.054073057,0.000228682,0.054346260,0.000544521,0.037821386,0.000301316,0.017532082,0.001000114,0.016251671,0.000378268,9.230979657,0.024346240,0,0
mldsa87,sign,256,100,15,0.218883867,0.001716761,0.200277900,0.001499478,0.202253056,0.000532176,0.184338386,0.000307025,0.016630811,0.001797354,0.015939514,0.001530588,9.496517486,0.027443535,0,0
mldsa87,sign,10000,100,15,0.218432001,0.001651668,0.199849371,0.001391188,0.202445005,0.000459169,0.184555614,0.000334374,0.015986996,0.001714306,0.015293757,0.001430807,9.498272914,0.024672205,0,0
mldsa87,sign,10000000,100,15,0.409503185,0.001831337,0.390712057,0.001731048,0.224607883,0.000641875,0.206633257,0.000263877,0.184895302,0.001940567,0.184078800,0.001751045,39.639859200,0.021677921,0,0
mldsa87,verify,256,100,15,0.209024599,0.000575429,0.191019543,0.000278885,0.202499421,0.000403304,0.184655686,0.000225446,0.006525178,0.000702690,0.006363857,0.000358612,9.494645029,0.007379110,0,0
mldsa87,verify,10000,100,15,0.209286581,0.000459230,0.191197457,0.000294662,0.202623074,0.000520308,0.184638086,0.000256378,0.006663507,0.000693983,0.006559371,0.000390583,9.492597029,0.002487244,0,0
mldsa87,verify,10000000,100,15,0.399858498,0.000812984,0.381362829,0.000611087,0.224793715,0.000508932,0.206953043,0.000315548,0.175064783,0.000959143,0.174409786,0.000687748,39.625991314,0.028313954,0,0
mldsa87,all,256,100,15,0.088338166,0.002166418,0.070346386,0.001916030,0.054413120,0.000560022,0.037803129,0.000166896,0.033925046,0.002237631,0.032543257,0.001923285,9.482415543,0.019692382,0,0
mldsa87,all,10000,100,15,0.087640368,0.001497849,0.069853000,0.001447958,0.054322590,0.000413537,0.037843143,0.000151209,0.033317778,0.001553887,0.032009857,0.001455832,9.483819886,0.019037674,0,0
mldsa87,all,10000000,100,15,0.444075615,0.002121493,0.425541143,0.001820133,0.076667574,0.000517894,0.060091229,0.000250904,0.367408041,0.002183792,0.365449914,0.001837345,39.631667200,0.017100707,0,0
mldsa65,keygen,-,100,15,0.071394195,0.000756567,0.053476814,0.000235816,0.054344268,0.000560916,0.037710729,0.000250413,0.017049927,0.000941818,0.015766085,0.000343971,9.225537829,0.022775919,0,0
mldsa65,sign,256,100,15,0.217116756,0.001561403,0.198754929,0.001374530,0.201814478,0.000479657,0.184086200,0.000244235,0.015302278,0.001633417,0.014668729,0.001396060,9.484463543,0.002672378,0,0
mldsa65,sign,10000,100,15,0.217655721,0.001858122,0.199141200,0.001600421,0.202069418,0.000518224,0.184306500,0.000259247,0.015586303,0.001929034,0.014834700,0.001621282,9.484931657,0.003747934,0,0
mldsa65,sign,10000000,100,15,0.408189310,0.002113353,0.389244086,0.001640891,0.224200405,0.000669212,0.206458986,0.000359787,0.183988905,0.002216778,0.182785100,0.001679872,39.635470629,0.019478048,0,0
mldsa65,verify,256,100,15,0.208342678,0.000581518,0.190198300,0.000353299,0.202303847,0.000541567,0.184456757,0.000319297,0.006038831,0.000794643,0.005741543,0.000476205,9.488501029,0.002283372,0,0
mldsa65,verify,10000,100,15,0.208667530,0.000566705,0.190444757,0.000320906,0.202252506,0.000540145,0.184370857,0.000236316,0.006415024,0.000782886,0.006073900,0.000398530,9.491017143,0.007087132,0,0
mldsa65,verify,10000000,100,15,0.398891770,0.000674077,0.380528514,0.000489795,0.224623349,0.000640485,0.206687057,0.000397604,0.174268421,0.000929839,0.173841457,0.000630863,39.617214171,0.034978667,0,0
mldsa65,all,256,100,15,0.085370062,0.001317656,0.067657843,0.001204432,0.054605440,0.000489013,0.037970100,0.000273938,0.030764622,0.001405472,0.029687743,0.001235192,9.474984229,0.006658552,0,0
mldsa65,all,10000,100,15,0.086250649,0.001813310,0.068422671,0.001775430,0.054686169,0.000689507,0.038064314,0.000310260,0.031564480,0.001939978,0.030358357,0.001802335,9.475569371,0.001993423,0,0
mldsa65,all,10000000,100,15,0.442906724,0.001653628,0.424490943,0.001442923,0.076810649,0.000595851,0.060200400,0.000311014,0.366096075,0.001757704,0.364290543,0.001476061,39.621076114,0.009473251,0,0
mldsa44,keygen,-,100,15,0.070824230,0.000681155,0.053116557,0.000324602,0.054440885,0.000678534,0.037779700,0.000281309,0.016383345,0.000961447,0.015336857,0.000429536,9.219744914,0.015114037,0,0
mldsa44,sign,256,100,15,0.216211943,0.001133968,0.197785229,0.000876000,0.202462103,0.000556695,0.184707629,0.000318588,0.013749840,0.001263247,0.013077600,0.000932134,9.482474057,0.003336051,0,0
mldsa44,sign,10000,100,15,0.216777726,0.001254456,0.198089400,0.000966104,0.202760673,0.000572834,0.184825914,0.000363943,0.014017053,0.001379057,0.013263486,0.001032381,9.481947429,0.002447828,0,0
mldsa44,sign,10000000,100,15,0.407379143,0.001216095,0.388343886,0.000928164,0.225030696,0.000696110,0.207114800,0.000384715,0.182348447,0.001401234,0.181229086,0.001004736,39.610543543,0.031984593,0,0
mldsa44,verify,256,100,15,0.208496551,0.000505338,0.190258229,0.000292051,0.202999864,0.000625312,0.185083814,0.000366690,0.005496687,0.000803979,0.005174415,0.000468781,9.484112457,0.002055196,0,0
mldsa44,verify,10000,100,15,0.208500680,0.000532450,0.190416786,0.000285293,0.202814706,0.000523843,0.184939743,0.000277706,0.005685974,0.000746937,0.005477043,0.000398137,9.481654857,0.009720102,0,0
mldsa44,verify,10000000,100,15,0.398974805,0.000797265,0.380459771,0.000579178,0.224864281,0.000595089,0.207106086,0.000286404,0.174110524,0.000994868,0.173353685,0.000646123,39.600537600,0.052022215,0,0
mldsa44,all,256,100,15,0.083245107,0.001353216,0.065339571,0.000993139,0.054217194,0.000521429,0.037776014,0.000187209,0.029027913,0.001450201,0.027563557,0.001010630,9.472526629,0.011940190,0,0
mldsa44,all,10000,100,15,0.083299425,0.001008049,0.065503129,0.000840004,0.054869865,0.000846135,0.038006043,0.000335766,0.028429560,0.001316095,0.027497086,0.000904625,9.473462857,0.009126641,0,0
mldsa44,all,10000000,100,15,0.439708199,0.001232971,0.421412986,0.001102184,0.076758636,0.000597221,0.060236029,0.000316554,0.362949563,0.001369996,0.361176957,0.001146741,39.545417143,0.047645017,0,0
falcon512,keygen,-,100,15,0.108299477,0.005401460,0.089862114,0.005476450,0.054309488,0.000536363,0.037707300,0.000216012,0.053989989,0.005428025,0.052154814,0.005480709,9.474867200,0.006451895,0,0
falcon512,sign,256,100,15,0.215118147,0.000717823,0.196279571,0.000357307,0.201415179,0.000499351,0.183565014,0.000319525,0.013702968,0.000874426,0.012714557,0.000479338,9.740170971,0.005217153,0,0
falcon512,sign,10000,100,15,0.215147241,0.000636086,0.196273286,0.000369530,0.201270231,0.000532133,0.183587343,0.000230418,0.013877010,0.000829320,0.012685943,0.000435482,9.742218971,0.006858225,0,0
falcon512,sign,10000000,100,15,0.406050114,0.000778265,0.386592543,0.000599479,0.223913702,0.000618734,0.205907700,0.000247846,0.182136412,0.000994248,0.180684843,0.000648693,39.859229257,0.041995752,0,0
falcon512,verify,256,100,15,0.207601036,0.000560664,0.189092729,0.000276410,0.201448386,0.000485527,0.183620271,0.000219974,0.006152650,0.000741674,0.005472458,0.000353258,9.730750171,0.026734244,0,0
falcon512,verify,10000,100,15,0.207744288,0.000532814,0.189206286,0.000322447,0.201631789,0.000462486,0.183798486,0.000275037,0.006112499,0.000705538,0.005407800,0.000423813,9.733032229,0.018079667,0,0
falcon512,verify,10000000,100,15,0.398702288,0.000791794,0.379715057,0.000531697,0.224012768,0.000690978,0.206072314,0.000401589,0.174689520,0.001050899,0.173642743,0.000666315,39.639976229,0.027595317,0,0
falcon512,all,256,100,15,0.116543968,0.004887083,0.098208586,0.004831269,0.054756883,0.000582001,0.037972657,0.000267817,0.061787085,0.004921616,0.060235929,0.004838686,9.728117029,0.026138710,0,0
falcon512,all,10000,100,15,0.117807402,0.006185555,0.099097100,0.006070028,0.054581205,0.000548795,0.037939614,0.000246134,0.063226197,0.006209852,0.061157486,0.006075016,9.733851429,0.013223396,0,0
falcon512,all,10000000,100,15,0.473845351,0.004651319,0.455202100,0.004652740,0.076894048,0.000600168,0.060374300,0.000306411,0.396951303,0.004689880,0.394827800,0.004662819,39.786144914,0.028433498,0,0
falcon1024,keygen,-,100,15,0.169846790,0.010365658,0.150999471,0.010129084,0.054370366,0.000502109,0.037894429,0.000301511,0.115476424,0.010377812,0.113105042,0.010133571,9.578613029,0.105042484,0,0
falcon1024,sign,256,100,15,0.217320174,0.000577988,0.198685843,0.000265853,0.202788264,0.000560691,0.184808400,0.000337591,0.014531910,0.000805261,0.013877443,0.000429704,9.996405029,0.027558285,0,0
falcon1024,sign,10000,100,15,0.217648162,0.000530859,0.198898486,0.000355194,0.202970432,0.000630620,0.184925529,0.000290356,0.014677730,0.000824314,0.013972957,0.000458769,9.995995429,0.023879215,0,0
falcon1024,sign,10000000,100,15,0.408869924,0.000603334,0.389792314,0.000560611,0.225303063,0.000701583,0.207287214,0.000361890,0.183566861,0.000925327,0.182505100,0.000667270,39.911248457,0.032919290,0,0
falcon1024,verify,256,100,15,0.208929811,0.000505704,0.190495729,0.000363811,0.203074251,0.000571034,0.185141543,0.000339998,0.005855560,0.000762769,0.005354186,0.000497953,9.738942171,0.017802517,0,0
falcon1024,verify,10000,100,15,0.208947978,0.000520452,0.190566957,0.000318904,0.203149050,0.000571742,0.185183986,0.000347418,0.005798928,0.000773149,0.005382971,0.000471592,9.740756114,0.011191161,0,0
falcon1024,verify,10000000,100,15,0.400265150,0.000642942,0.381187586,0.000496856,0.225411942,0.000558099,0.207396329,0.000320627,0.174853208,0.000851381,0.173791257,0.000591327,39.656184686,0.038147896,0,0
falcon1024,all,256,100,15,0.181559712,0.010010907,0.163151100,0.009820006,0.054602802,0.000583030,0.038049457,0.000315824,0.126956910,0.010027870,0.125101643,0.009825083,9.739761371,0.006195094,0,0
falcon1024,all,10000,100,15,0.181941878,0.009733695,0.163424414,0.009990139,0.054749301,0.000524600,0.038039057,0.000264367,0.127192577,0.009747821,0.125385357,0.009993636,9.742453029,0.009953338,0,0
falcon1024,all,10000000,100,15,0.542311928,0.011973005,0.523550314,0.011961054,0.077038688,0.000592441,0.060380086,0.000265040,0.465273240,0.011987653,0.463170228,0.011963990,39.919850057,0.042606195,0,0
RSA,keygen,-,100,15,1.901367735,0.581745864,1.883246500,0.581339755,0.054319154,0.000587394,0.037777200,0.000217349,1.847048581,0.581746161,1.845469300,0.581339796,9.013306514,0.070154672,0,0
RSA,sign,256,100,15,0.219619768,0.000571934,0.202013129,0.000348389,0.199454641,0.000592044,0.181738371,0.000280844,0.020165127,0.000823180,0.020274758,0.000447491,9.211611429,0.011922868,0,0
RSA,sign,10000,100,15,0.219593483,0.000492955,0.202136000,0.000245372,0.199459817,0.000469634,0.181855714,0.000219799,0.020133666,0.000680853,0.020280286,0.000329422,9.213015771,0.008901014,0,0
RSA,sign,10000000,100,15,0.352026635,0.000521274,0.334307300,0.000352256,0.221865827,0.000579265,0.204268114,0.000277350,0.130160808,0.000779278,0.130039186,0.000448338,19.209420800,0.042341224,0,0
RSA,verify,256,100,15,0.202919591,0.000505454,0.185420871,0.000189491,0.199543728,0.000598790,0.181868871,0.000327350,0.003375863,0.000783603,0.003552000,0.000378239,9.213542400,0.008886759,0,0
RSA,verify,10000,100,15,0.203209972,0.000580902,0.185601329,0.000295470,0.199855915,0.000559748,0.182183843,0.000369754,0.003354057,0.000806700,0.003417486,0.000473308,9.213776457,0.009804784,0,0
RSA,verify,10000000,100,15,0.335217411,0.000532979,0.317591671,0.000322523,0.222086656,0.000501839,0.204476700,0.000301293,0.113130755,0.000732058,0.113114971,0.000441360,19.204096000,0.039857344,0,0
RSA,all,256,100,15,1.933179734,0.672566522,1.915120143,0.672403719,0.054383649,0.000513345,0.037879814,0.000156920,1.878796085,0.672566718,1.877240329,0.672403737,9.164741486,0.047872628,0,0
RSA,all,10000,100,15,1.990864422,0.635725515,1.973063729,0.635487569,0.054789120,0.000654303,0.037970914,0.000230622,1.936075302,0.635725852,1.935092815,0.635487611,9.165911771,0.041865195,0,0
RSA,all,10000000,100,15,2.395347359,0.621228626,2.376991043,0.621279556,0.076827352,0.000537180,0.060297943,0.000267973,2.318520007,0.621228858,2.316693100,0.621279614,19.151199086,0.016830449,0,0
EC,keygen,-,100,15,0.070470446,0.000563690,0.053000486,0.000179213,0.054442173,0.000611853,0.037778857,0.000222368,0.016028273,0.000831932,0.015221629,0.000285596,9.211552914,0.007136949,0,0
EC,sign,256,100,15,0.209314015,0.000460243,0.191883057,0.000198117,0.199431607,0.000484131,0.182139171,0.000262806,0.009882408,0.000667987,0.009743886,0.000329116,9.214771200,0.002547951,0,0
EC,sign,10000,100,15,0.209504813,0.000518950,0.192035243,0.000281348,0.199590929,0.000535030,0.182265586,0.000223286,0.009913884,0.000745363,0.009769657,0.000359184,9.215707429,0.005847823,0,0
EC,sign,10000000,100,15,0.342003279,0.000652144,0.324266829,0.000305937,0.221871631,0.000556424,0.204535443,0.000262140,0.120131648,0.000857263,0.119731386,0.000402883,19.218607543,0.060103406,0,0
EC,verify,256,100,15,0.203750738,0.000583964,0.186364786,0.000294563,0.199534703,0.000543394,0.182185771,0.000239737,0.004216035,0.000797679,0.004179015,0.000379791,9.212489143,0.008520391,0,0
EC,verify,10000,100,15,0.203714913,0.000510368,0.186353686,0.000232982,0.199690805,0.000648876,0.182358771,0.000287111,0.004024108,0.000825540,0.003994915,0.000369748,9.207808000,0.019413384,0,0
EC,verify,10000000,100,15,0.336033956,0.000546329,0.318373171,0.000280224,0.221905276,0.000571513,0.204696743,0.000309841,0.114128680,0.000790634,0.113676428,0.000417764,19.176945371,0.005995640,0,0
EC,all,256,100,15,0.075563686,0.000633061,0.058125814,0.000295118,0.054712454,0.000588450,0.038047043,0.000275818,0.020851232,0.000864315,0.020078771,0.000403943,9.217053257,0.007692548,0,0
EC,all,10000,100,15,0.075848494,0.000721633,0.058304386,0.000333558,0.054458842,0.000532502,0.037988786,0.000259360,0.021389652,0.000896835,0.020315600,0.000422526,9.214946743,0.007303406,0,0
EC,all,10000000,100,15,0.317313843,0.000627361,0.299426371,0.000326719,0.077184033,0.000581911,0.060447929,0.000302776,0.240129810,0.000855688,0.238978442,0.000445442,19.189408914,0.031786763,0,0
