algorithm,operation,size,reps,trim_pct,trim_wall_s_raw,std_wall_s_raw,trim_cpu_s_raw,std_cpu_s_raw,trim_wall_s_base,std_wall_s_base,trim_cpu_s_base,std_cpu_s_base,net_wall_s,std_net_wall_s,net_cpu_s,std_net_cpu_s,trim_mem_mb_raw,std_mem_mb_raw,trim_mem_mb_base,std_mem_mb_base,net_mem_mb,std_net_mem_mb
sphincsshake256ssimple,keygen,-,100,15,0.067008731,0.000166843,0.063637114,0.000088529,0.008893860,0.000097417,0.005909286,0.000026854,0.058114871,0.000193201,0.057727828,0.000092512,9.539584000,0.103068611,8.395161600,0.023600923,1.144422400,0.105736191
sphincsshake256ssimple,sign,256,100,15,0.689172146,0.000631849,0.684271814,0.000504992,0.027345155,0.000161718,0.023808743,0.000050139,0.661826991,0.000652216,0.660463071,0.000507475,10.214429257,0.022890015,9.675512686,0.009232780,0.538916571,0.024681917
sphincsshake256ssimple,sign,100000,100,15,0.689411778,0.000555069,0.685924629,0.000904107,0.027372801,0.000150523,0.023864957,0.000052953,0.662038977,0.000575116,0.662059672,0.000905656,10.511447771,0.046805190,9.679082057,0.005617265,0.832365714,0.047141059
sphincsshake256ssimple,sign,100000000,100,15,1.611535786,0.000660738,1.606987486,0.000614387,0.079063148,0.000216508,0.075327943,0.000142284,1.532472638,0.000695306,1.531659543,0.000630647,310.743508114,0.092856309,109.826750171,0.028777568,200.916757943,0.097213387
sphincsshake256ssimple,verify,256,100,15,0.029563832,0.000195158,0.025862157,0.000045319,0.027577923,0.000177772,0.023995400,0.000040451,0.001985909,0.000263988,0.001866757,0.000060746,9.981542400,0.013809454,9.716004571,0.007712615,0.265537829,0.015817252
sphincsshake256ssimple,verify,100000,100,15,0.030259524,0.000161863,0.026477900,0.000054102,0.027597848,0.000151387,0.024048329,0.000045818,0.002661676,0.000221625,0.002429571,0.000070897,10.242984229,0.005120721,9.719105829,0.008367362,0.523878400,0.009809920
sphincsshake256ssimple,verify,100000000,100,15,0.576180468,0.000420045,0.571972486,0.000329788,0.079220779,0.000238140,0.075506814,0.000152708,0.496959689,0.000482854,0.496465672,0.000363428,310.617468343,0.052791168,109.858874514,0.018731236,200.758593829,0.056015771
sphincsshake256ssimple,all,256,100,15,0.728461333,0.000510595,0.724771771,0.000475574,0.009012738,0.000093408,0.005960643,0.000036604,0.719448595,0.000519069,0.718811128,0.000476981,10.061414400,0.005464301,8.643730286,0.002528106,1.417684114,0.006020789
sphincsshake256ssimple,all,100000,100,15,0.729888323,0.000446521,0.726143914,0.000409309,0.009090707,0.000134721,0.006012300,0.000035603,0.720797616,0.000466402,0.720131614,0.000410855,10.356267886,0.004795658,8.658007771,0.024128403,1.698260115,0.024600369
sphincsshake256ssimple,all,100000000,100,15,2.145621320,0.000561286,2.140810457,0.000541685,0.060818264,0.000235559,0.057389914,0.000180941,2.084803056,0.000608712,2.083420543,0.000571106,310.590025143,0.058252826,108.763018971,0.053463194,201.827006172,0.079067723
sphincsshake256fsimple,keygen,-,100,15,0.014748627,0.000134863,0.011516329,0.000042290,0.008915100,0.000111321,0.005904886,0.000030883,0.005833527,0.000174873,0.005611443,0.000052366,9.449998629,0.027692070,8.399608686,0.027102973,1.050389943,0.038748186
sphincsshake256fsimple,sign,256,100,15,0.099012671,0.000231424,0.095096129,0.000115521,0.027418467,0.000204140,0.023844857,0.000069615,0.071594204,0.000308594,0.071251272,0.000134875,10.234792229,0.038245791,9.675220114,0.008835800,0.559572115,0.039253177
sphincsshake256fsimple,sign,100000,100,15,0.100010028,0.000203262,0.096049900,0.000101859,0.027361470,0.000147366,0.023880657,0.000047634,0.072648558,0.000251062,0.072169243,0.000112447,10.518176914,0.053175999,9.680661943,0.008240407,0.837514971,0.053810698
sphincsshake256fsimple,sign,100000000,100,15,1.023471989,0.000366453,1.018917043,0.000334284,0.079017285,0.000238557,0.075308271,0.000173168,0.944454704,0.000437261,0.943608772,0.000376474,310.842514286,0.054918833,109.812531200,0.019051170,201.029983086,0.058129384
sphincsshake256fsimple,verify,256,100,15,0.030948503,0.000175450,0.027061043,0.000057221,0.027841778,0.000180569,0.024162929,0.000051029,0.003106725,0.000251769,0.002898114,0.000076669,10.021039543,0.028834242,9.746022400,0.006987427,0.275017143,0.029668799
sphincsshake256fsimple,verify,100000,100,15,0.031355278,0.000175164,0.027617343,0.000056169,0.027770442,0.000154729,0.024221200,0.000053580,0.003584836,0.000233717,0.003396143,0.000077626,10.275927771,0.019910166,9.752224914,0.019659104,0.523702857,0.027980262
sphincsshake256fsimple,verify,100000000,100,15,0.577404343,0.000401933,0.573232671,0.000353845,0.079381221,0.000249315,0.075620271,0.000158831,0.498023122,0.000472978,0.497612400,0.000387858,310.665391543,0.035677004,109.905802971,0.038630394,200.759588572,0.052584750
sphincsshake256fsimple,all,256,100,15,0.088153853,0.000151813,0.084725257,0.000074629,0.009021085,0.000114486,0.005959857,0.000036757,0.079132768,0.000190143,0.078765400,0.000083190,10.090905600,0.006015017,8.643320686,0.002008179,1.447584914,0.006341389
sphincsshake256fsimple,all,100000,100,15,0.089578199,0.000166611,0.086127543,0.000086749,0.009037430,0.000110139,0.006010843,0.000031920,0.080540769,0.000199724,0.080116700,0.000092435,10.326776686,0.028303217,8.651454171,0.018264316,1.675322515,0.033684675
sphincsshake256fsimple,all,100000000,100,15,1.505967726,0.000430482,1.501277557,0.000392258,0.060849304,0.000189964,0.057499414,0.000126846,1.445118422,0.000470533,1.443778143,0.000412257,310.607637943,0.054424021,108.756933486,0.056211258,201.850704457,0.078241163
sphincsshake192ssimple,keygen,-,100,15,0.096580001,0.000136573,0.093244771,0.000086634,0.008903544,0.000100191,0.005915614,0.000032095,0.087676457,0.000169382,0.087329157,0.000092388,9.496341943,0.086055949,8.391124114,0.021451772,1.105217829,0.088689373
sphincsshake192ssimple,sign,256,100,15,0.791950206,0.000649479,0.787809457,0.000706997,0.027337418,0.000140305,0.023815500,0.000043254,0.764612788,0.000664461,0.763993957,0.000708319,10.214604800,0.028081627,9.676624457,0.005296446,0.537980343,0.028576741
sphincsshake192ssimple,sign,100000,100,15,0.793075336,0.000759270,0.788935129,0.000706546,0.027448385,0.000166950,0.023902043,0.000047193,0.765626951,0.000777408,0.765033086,0.000708120,10.499393829,0.044656074,9.679316114,0.006180217,0.820077715,0.045081704
sphincsshake192ssimple,sign,100000000,100,15,1.715919483,0.000687261,1.711238043,0.000668883,0.079020114,0.000262882,0.075235614,0.000161047,1.636899369,0.000735822,1.636002429,0.000687998,310.665216000,0.063531550,109.818207086,0.011042431,200.847008914,0.064484053
sphincsshake192ssimple,verify,256,100,15,0.029141889,0.000170646,0.025439300,0.000053858,0.027467062,0.000134410,0.023967086,0.000052871,0.001674827,0.000217224,0.001472214,0.000075472,9.962700800,0.004948233,9.700030171,0.004463658,0.262670629,0.006664027
sphincsshake192ssimple,verify,100000,100,15,0.029709075,0.000182030,0.026054314,0.000049328,0.027613461,0.000159210,0.023996571,0.000049195,0.002095614,0.000241832,0.002057743,0.000069666,10.228999314,0.014620123,9.707520000,0.023668822,0.521479314,0.027820157
sphincsshake192ssimple,verify,100000000,100,15,0.575764240,0.000278447,0.571657643,0.000249569,0.079200350,0.000170014,0.075445157,0.000162598,0.496563890,0.000326248,0.496212486,0.000297864,310.626069943,0.027575175,109.837282743,0.015820545,200.788787200,0.031791192
sphincsshake192ssimple,all,256,100,15,0.861576265,0.000644096,0.857730171,0.000610632,0.009029994,0.000089148,0.005977014,0.000032622,0.852546271,0.000650236,0.851753157,0.000611503,10.051935086,0.007757298,8.641448229,0.026249636,1.410486857,0.027371866
sphincsshake192ssimple,all,100000,100,15,0.862686124,0.000646108,0.858872557,0.000603191,0.009006422,0.000099030,0.006002400,0.000030945,0.853679702,0.000653653,0.852870157,0.000603984,10.347315200,0.006959533,8.653443657,0.020496445,1.693871543,0.021645770
sphincsshake192ssimple,all,100000000,100,15,2.277509733,0.000938306,2.272768414,0.000935433,0.060761513,0.000226815,0.057340857,0.000163616,2.216748220,0.000965331,2.215427557,0.000949634,310.585344000,0.054401071,108.748331886,0.053507843,201.837012114,0.076305739
sphincsshake192fsimple,keygen,-,100,15,0.012585327,0.000100528,0.009378514,0.000045942,0.008989046,0.000099845,0.005925171,0.000028540,0.003596281,0.000141686,0.003453343,0.000054085,9.444673829,0.024555922,8.388373943,0.018710361,1.056299886,0.030871847
sphincsshake192fsimple,sign,256,100,15,0.063768610,0.000171437,0.059922957,0.000075920,0.027316771,0.000148908,0.023820514,0.000054627,0.036451839,0.000227078,0.036102443,0.000093531,10.233563429,0.032927677,9.675805257,0.005342156,0.557758172,0.033358216
sphincsshake192fsimple,sign,100000,100,15,0.064883800,0.000218845,0.060886557,0.000068742,0.027416756,0.000155840,0.023906729,0.000047023,0.037467044,0.000268662,0.036979828,0.000083286,10.510921143,0.049143519,9.679257600,0.005964274,0.831663543,0.049504121
sphincsshake192fsimple,sign,100000000,100,15,0.988432432,0.000473553,0.984014600,0.000456948,0.079040715,0.000180958,0.075286243,0.000149952,0.909391717,0.000506950,0.908728357,0.000480923,310.673700571,0.065466663,109.813525943,0.021548949,200.860174628,0.068921993
sphincsshake192fsimple,verify,256,100,15,0.030611786,0.000180978,0.026927471,0.000062377,0.027658239,0.000163729,0.024082571,0.000057407,0.002953547,0.000244050,0.002844900,0.000084773,9.994649600,0.018386102,9.722031543,0.007066517,0.272618057,0.019697320
sphincsshake192fsimple,verify,100000,100,15,0.031225057,0.000114320,0.027506314,0.000055811,0.027792351,0.000160616,0.024151357,0.000058979,0.003432706,0.000197146,0.003354957,0.000081200,10.249537829,0.006304031,9.725425371,0.004939450,0.524112458,0.008008681
sphincsshake192fsimple,verify,100000000,100,15,0.577488814,0.000344129,0.573346471,0.000281219,0.079343502,0.000208455,0.075643714,0.000168690,0.498145312,0.000402341,0.497702757,0.000327934,310.645262629,0.042503554,109.866656914,0.010998303,200.778605715,0.043903471
sphincsshake192fsimple,all,256,100,15,0.050819185,0.000134576,0.047403671,0.000059626,0.009005172,0.000093402,0.005964157,0.000031559,0.041814013,0.000163813,0.041439514,0.000067463,10.084410514,0.005600234,8.643145143,0.002007314,1.441265371,0.005949112
sphincsshake192fsimple,all,100000,100,15,0.052225413,0.000141802,0.048788671,0.000059567,0.009071145,0.000116153,0.006026200,0.000032008,0.043154268,0.000183301,0.042762471,0.000067622,10.306062629,0.027070464,8.655257600,0.022652050,1.650805029,0.035297668
sphincsshake192fsimple,all,100000000,100,15,1.467878760,0.000462231,1.463231429,0.000395786,0.060905268,0.000203373,0.057464529,0.000156085,1.406973492,0.000504993,1.405766900,0.000425452,310.573407086,0.048926365,108.758337829,0.044108223,201.815069257,0.065873550
sphincsshake128ssimple,keygen,-,100,15,0.069524386,0.000139301,0.066159600,0.000065426,0.008954809,0.000102652,0.005927486,0.000035944,0.060569577,0.000173038,0.060232114,0.000074649,9.530338743,0.083392853,8.391065600,0.021006311,1.139273143,0.085997866
sphincsshake128ssimple,sign,256,100,15,0.469737764,0.000426433,0.465770186,0.000396101,0.027386023,0.000143394,0.023859057,0.000050764,0.442351741,0.000449897,0.441911129,0.000399341,10.221216914,0.027520951,9.675337143,0.007256647,0.545879771,0.028461582
sphincsshake128ssimple,sign,100000,100,15,0.470819886,0.000404840,0.466799229,0.000372043,0.027491992,0.000180404,0.023925386,0.000045959,0.443327894,0.000443217,0.442873843,0.000374871,10.495356343,0.040798726,9.679550171,0.005620974,0.815806172,0.041184116
sphincsshake128ssimple,sign,100000000,100,15,1.393595442,0.000594771,1.389063600,0.000600106,0.079075838,0.000272476,0.075352857,0.000198457,1.314519604,0.000654214,1.313710743,0.000632070,310.676860343,0.057367891,109.813818514,0.016859318,200.863041829,0.059793909
sphincsshake128ssimple,verify,256,100,15,0.028907949,0.000196783,0.025205257,0.000061035,0.027411519,0.000142299,0.023904871,0.000055915,0.001496430,0.000242843,0.001300386,0.000082775,9.951934171,0.006714914,9.682534400,0.010417148,0.269399771,0.012393831
sphincsshake128ssimple,verify,100000,100,15,0.029407729,0.000130992,0.025751800,0.000050073,0.027496264,0.000153357,0.023985771,0.000045675,0.001911465,0.000201686,0.001766029,0.000067775,10.215716571,0.010161254,9.692189257,0.014063061,0.523527314,0.017349950
sphincsshake128ssimple,verify,100000000,100,15,0.575127273,0.000368499,0.570978700,0.000285826,0.079093711,0.000262921,0.075388657,0.000153314,0.496033562,0.000452680,0.495590043,0.000324348,310.601552457,0.040516452,109.824292571,0.013781633,200.777259886,0.042796218
sphincsshake128ssimple,all,256,100,15,0.512057259,0.000473869,0.508401600,0.000433256,0.009039833,0.000097675,0.005978314,0.000035185,0.503017426,0.000483831,0.502423286,0.000434682,10.043333486,0.006742790,8.642852571,0.003645038,1.400480915,0.007664954
sphincsshake128ssimple,all,100000,100,15,0.513265664,0.000466762,0.509600529,0.000457019,0.009103340,0.000107914,0.006013643,0.000034970,0.504162324,0.000479074,0.503586886,0.000458355,10.339415771,0.007344431,8.647182629,0.013928171,1.692233142,0.015745940
sphincsshake128ssimple,all,100000000,100,15,1.929857557,0.000709793,1.925101414,0.000674988,0.060935267,0.000195352,0.057513543,0.000132912,1.868922290,0.000736185,1.867587871,0.000687949,310.533207771,0.057242874,108.747922286,0.056631006,201.785285485,0.080522155
sphincsshake128fsimple,keygen,-,100,15,0.012169749,0.000107241,0.008961186,0.000048528,0.008971724,0.000114518,0.005928214,0.000031056,0.003198025,0.000156892,0.003032972,0.000057615,9.442274743,0.022985419,8.391475200,0.021270298,1.050799543,0.031317009
sphincsshake128fsimple,sign,256,100,15,0.050814687,0.000202455,0.046802914,0.000064724,0.027414090,0.000186302,0.023858143,0.000050483,0.023400597,0.000275130,0.022944771,0.000082084,10.225137371,0.034121493,9.663224686,0.036021944,0.561912685,0.049617101
sphincsshake128fsimple,sign,100000,100,15,0.051612494,0.000211138,0.047750414,0.000063507,0.027517922,0.000157587,0.023953329,0.000052104,0.024094572,0.000263463,0.023797085,0.000082146,10.485994057,0.037636751,9.678906514,0.005600234,0.807087543,0.038051119
sphincsshake128fsimple,sign,100000000,100,15,0.974644487,0.000461964,0.970085200,0.000390583,0.079059426,0.000215900,0.075324971,0.000156406,0.895585061,0.000509925,0.894760229,0.000420735,310.666503314,0.048306446,109.815866514,0.018889581,200.850636800,0.051868381
sphincsshake128fsimple,verify,256,100,15,0.030042778,0.000165317,0.026287443,0.000059698,0.027460983,0.000138655,0.023968300,0.000050176,0.002581795,0.000215766,0.002319143,0.000077984,9.970190629,0.018488590,9.697806629,0.008314891,0.272384000,0.020272281
sphincsshake128fsimple,verify,100000,100,15,0.030518827,0.000170220,0.026788329,0.000057541,0.027598234,0.000176545,0.024041343,0.000049331,0.002920593,0.000245241,0.002746986,0.000075793,10.225488457,0.005565080,9.701668571,0.006102163,0.523819886,0.008258723
sphincsshake128fsimple,verify,100000000,100,15,0.576167608,0.000407118,0.571965529,0.000340652,0.079182488,0.000224146,0.075434357,0.000146007,0.496985120,0.000464743,0.496531172,0.000370624,310.598685257,0.055527736,109.840384000,0.022453674,200.758301257,0.059895717
sphincsshake128fsimple,all,256,100,15,0.036562849,0.000152610,0.033180529,0.000051349,0.008981382,0.000080457,0.005972600,0.000040746,0.027581467,0.000172520,0.027207929,0.000065551,10.078208000,0.004868977,8.629218743,0.045299192,1.448989257,0.045560111
sphincsshake128fsimple,all,100000,100,15,0.037969894,0.000130206,0.034546186,0.000056985,0.009100716,0.000112279,0.006026986,0.000037938,0.028869178,0.000171931,0.028519200,0.000068459,10.297578057,0.025894918,8.649581714,0.016636465,1.647996343,0.030778544
sphincsshake128fsimple,all,100000000,100,15,1.454926810,0.000532086,1.450300629,0.000522047,0.060826193,0.000183408,0.057438086,0.000128707,1.394100617,0.000562809,1.392862543,0.000537679,310.555209143,0.053493040,108.764364800,0.050674799,201.790844343,0.073684738
sphincssha2256ssimple,keygen,-,100,15,0.042189716,0.000121190,0.038870386,0.000069741,0.008930991,0.000099594,0.005919114,0.000034599,0.033258725,0.000156863,0.032951272,0.000077852,10.021800229,0.066178128,8.388608000,0.019084962,1.633192229,0.068875107
sphincssha2256ssimple,sign,256,100,15,0.429790660,0.000362299,0.425891514,0.000337411,0.027466566,0.000164959,0.023850757,0.000053929,0.402324094,0.000398085,0.402040757,0.000341694,10.311387429,0.101198754,9.669836800,0.014182104,0.641550629,0.102187670
sphincssha2256ssimple,sign,100000,100,15,0.430616181,0.000493077,0.426614700,0.000400068,0.027477854,0.000144469,0.023921643,0.000053147,0.403138327,0.000513806,0.402693057,0.000403583,10.717359543,0.026496391,9.680954514,0.008618484,1.036405029,0.027862825
sphincssha2256ssimple,sign,100000000,100,15,1.008230251,0.000527324,1.003828129,0.000515775,0.079045713,0.000197141,0.075364629,0.000156612,0.929184538,0.000562970,0.928463500,0.000539028,310.897751771,0.030293964,109.820723200,0.025899277,201.077028571,0.039855951
sphincssha2256ssimple,verify,256,100,15,0.030242125,0.000171012,0.026431943,0.000055342,0.027669724,0.000177787,0.024040000,0.000050979,0.002572401,0.000246685,0.002391943,0.000075244,10.224552229,0.035449577,9.711908571,0.010674718,0.512643658,0.037021914
sphincssha2256ssimple,verify,100000,100,15,0.030609146,0.000208001,0.026890957,0.000050591,0.027722396,0.000167855,0.024105657,0.000054134,0.002886750,0.000267282,0.002785300,0.000074094,10.502963200,0.005152841,9.720159086,0.011130160,0.782804114,0.012265082
sphincssha2256ssimple,verify,100000000,100,15,0.404183187,0.000448138,0.400101000,0.000394212,0.079306827,0.000221790,0.075561686,0.000144874,0.324876360,0.000500018,0.324539314,0.000419990,310.687217371,0.043360168,109.855480686,0.014193979,200.831736685,0.045624261
sphincssha2256ssimple,all,256,100,15,0.444708383,0.000289031,0.441230114,0.000278989,0.009050181,0.000085057,0.005971329,0.000036839,0.435658202,0.000301287,0.435258785,0.000281411,10.293716114,0.049253518,8.643496229,0.001732380,1.650219885,0.049283975
sphincssha2256ssimple,all,100000,100,15,0.445646258,0.000416170,0.442120571,0.000379302,0.009038299,0.000103583,0.006023729,0.000031792,0.436607959,0.000428867,0.436096842,0.000380632,10.641349486,0.015786807,8.653677714,0.021222151,1.987671772,0.026450009
sphincssha2256ssimple,all,100000000,100,15,1.343561279,0.000625365,1.339106843,0.000628556,0.060841729,0.000186059,0.057392229,0.000163557,1.282719550,0.000652456,1.281714614,0.000649487,310.928003657,0.052683974,108.773902629,0.047649537,202.154101028,0.071035762
sphincssha2256fsimple,keygen,-,100,15,0.013425199,0.000119982,0.010250329,0.000041669,0.008899137,0.000090382,0.005905371,0.000031741,0.004526062,0.000150215,0.004344958,0.000052381,9.981952000,0.033480032,8.388725029,0.019084598,1.593226971,0.038537442
sphincssha2256fsimple,sign,256,100,15,0.070138914,0.000246883,0.066273100,0.000083085,0.027415495,0.000181209,0.023843686,0.000050050,0.042723419,0.000306248,0.042429414,0.000096995,10.462880914,0.012027869,9.674342400,0.007863368,0.788538514,0.014370184
sphincssha2256fsimple,sign,100000,100,15,0.070660895,0.000175164,0.066840586,0.000068704,0.027480438,0.000167500,0.023927786,0.000053658,0.043180457,0.000242361,0.042912800,0.000087175,10.735264914,0.020812611,9.679608686,0.005591544,1.055656228,0.021550641
sphincssha2256fsimple,sign,100000000,100,15,0.648389327,0.000524198,0.644296386,0.000492715,0.079039951,0.000212461,0.075315857,0.000162664,0.569349376,0.000565618,0.568980529,0.000518872,310.909045029,0.039985075,109.819552914,0.018731235,201.089492115,0.044155015
sphincssha2256fsimple,verify,256,100,15,0.031043873,0.000172058,0.027200557,0.000061967,0.027828008,0.000156346,0.024198800,0.000054716,0.003215865,0.000232482,0.003001757,0.000082666,10.250591086,0.041323424,9.744852114,0.006672101,0.505738972,0.041858599
sphincssha2256fsimple,verify,100000,100,15,0.031377197,0.000186359,0.027584343,0.000061443,0.027875925,0.000131422,0.024244014,0.000059261,0.003501272,0.000228038,0.003340329,0.000085365,10.516597029,0.033090835,9.746607543,0.007402609,0.769989486,0.033908730
sphincssha2256fsimple,verify,100000000,100,15,0.404950087,0.000308679,0.400790414,0.000278867,0.079446776,0.000221516,0.075709814,0.000170011,0.325503311,0.000379937,0.325080600,0.000326605,310.735784229,0.056058263,109.899951543,0.027493928,200.835832686,0.062437528
sphincssha2256fsimple,all,256,100,15,0.056839903,0.000146261,0.053480986,0.000072487,0.009022860,0.000080902,0.005967943,0.000040571,0.047817043,0.000167145,0.047513043,0.000083068,10.436315429,0.005721726,8.640453486,0.007819735,1.795861943,0.009689500
sphincssha2256fsimple,all,100000,100,15,0.057734024,0.000158448,0.054386629,0.000076059,0.009052902,0.000096551,0.006025643,0.000036992,0.048681122,0.000185547,0.048360986,0.000084578,10.691964343,0.006574555,8.651454171,0.019337730,2.040510172,0.020424803
sphincssha2256fsimple,all,100000000,100,15,0.956038017,0.000493474,0.951623057,0.000452292,0.060943085,0.000240236,0.057508186,0.000159679,0.895094932,0.000548844,0.894114871,0.000479651,310.937775543,0.051837433,108.766061714,0.046950273,202.171713829,0.069938885
sphincssha2192ssimple,keygen,-,100,15,0.057581674,0.000101825,0.054286457,0.000057227,0.008918890,0.000096297,0.005922143,0.000040482,0.048662784,0.000140148,0.048364314,0.000070098,10.011969829,0.062004207,8.396624457,0.025340141,1.615345372,0.066982419
sphincssha2192ssimple,sign,256,100,15,0.475877439,0.000334457,0.471890129,0.000313195,0.027371371,0.000143673,0.023840929,0.000061745,0.448506068,0.000364010,0.448049200,0.000319223,10.291960686,0.099829506,9.673523200,0.011011718,0.618437486,0.100434995
sphincssha2192ssimple,sign,100000,100,15,0.476470152,0.000397703,0.472540600,0.000334641,0.027444072,0.000171666,0.023918043,0.000041618,0.449026080,0.000433171,0.448622557,0.000337219,10.719817143,0.017128208,9.680778971,0.003865192,1.039038172,0.017558907
sphincssha2192ssimple,sign,100000000,100,15,1.055256011,0.000474937,1.050786414,0.000488773,0.078989841,0.000189238,0.075243300,0.000148424,0.976266170,0.000511250,0.975543114,0.000510812,310.908108800,0.037807334,109.821132800,0.024082291,201.086976000,0.044825788
sphincssha2192ssimple,verify,256,100,15,0.029826655,0.000169739,0.026133800,0.000058739,0.027523254,0.000165695,0.023955086,0.000051474,0.002303401,0.000237205,0.002178714,0.000078101,10.217706057,0.012964617,9.694178743,0.018445987,0.523527314,0.022546302
sphincssha2192ssimple,verify,100000,100,15,0.030251121,0.000174730,0.026533014,0.000053801,0.027576008,0.000127330,0.024022771,0.000060521,0.002675113,0.000216202,0.002510243,0.000080977,10.473062400,0.029048179,9.699913143,0.004945073,0.773149257,0.029466090
sphincssha2192ssimple,verify,100000000,100,15,0.404376708,0.000336803,0.400241129,0.000313510,0.079104421,0.000236432,0.075357486,0.000172956,0.325272287,0.000411505,0.324883643,0.000358053,310.662290286,0.037235729,109.837282743,0.023716909,200.825007543,0.044147381
sphincssha2192ssimple,all,256,100,15,0.505787899,0.000339258,0.502290757,0.000315602,0.009000830,0.000100500,0.005962757,0.000038179,0.496787069,0.000353831,0.496328000,0.000317903,10.255857371,0.004294304,8.643145143,0.001443650,1.612712228,0.004530472
sphincssha2192ssimple,all,100000,100,15,0.506769841,0.000361807,0.503271300,0.000341081,0.009036882,0.000099129,0.006012300,0.000030756,0.497732959,0.000375141,0.497259000,0.000342465,10.616305371,0.004976233,8.658475886,0.024412635,1.957829485,0.024914647
sphincssha2192ssimple,all,100000000,100,15,1.406622179,0.000802148,1.402102357,0.000785954,0.060933369,0.000162569,0.057456614,0.000122986,1.345688810,0.000818456,1.344645743,0.000795518,310.909864229,0.043353158,108.757928229,0.056559166,202.151936000,0.071263143
sphincssha2192fsimple,keygen,-,100,15,0.012324149,0.000123682,0.009062957,0.000049052,0.008887536,0.000079630,0.005910614,0.000036289,0.003436613,0.000147099,0.003152343,0.000061016,9.966211657,0.022764325,8.391241143,0.021300978,1.574970514,0.031176051
sphincssha2192fsimple,sign,256,100,15,0.049083471,0.000179361,0.045237086,0.000059565,0.027467217,0.000145119,0.023840286,0.000055914,0.021616254,0.000230716,0.021396800,0.000081697,10.291317029,0.096253718,9.671709257,0.013188676,0.619607772,0.097153072
sphincssha2192fsimple,sign,100000,100,15,0.049724581,0.000168806,0.045845657,0.000066854,0.027435590,0.000131665,0.023915629,0.000053607,0.022288991,0.000214082,0.021930028,0.000085692,10.724205714,0.012988173,9.679140571,0.005460803,1.045065143,0.014089464
sphincssha2192fsimple,sign,100000000,100,15,0.628726641,0.000449501,0.624605586,0.000435511,0.079075425,0.000218353,0.075297857,0.000145463,0.549651216,0.000499729,0.549307729,0.000459162,310.896113371,0.031405285,109.822069029,0.027079893,201.074044342,0.041468211
sphincssha2192fsimple,verify,256,100,15,0.030790028,0.000169759,0.027068671,0.000067314,0.027649548,0.000152938,0.024059771,0.000048496,0.003140480,0.000228491,0.003008900,0.000082964,10.243276800,0.019206880,9.724372114,0.004808316,0.518904686,0.019799600
sphincssha2192fsimple,verify,100000,100,15,0.031181437,0.000179501,0.027462929,0.000057617,0.027773048,0.000167151,0.024149586,0.000056070,0.003408389,0.000245275,0.003313343,0.000080396,10.503723886,0.017986921,9.726069029,0.005522788,0.777654857,0.018815699
sphincssha2192fsimple,verify,100000000,100,15,0.405350820,0.000384622,0.401218829,0.000318948,0.079289731,0.000244052,0.075572443,0.000165335,0.326061089,0.000455517,0.325646386,0.000359254,310.675221943,0.025003992,109.859752229,0.013614778,200.815469714,0.028470367
sphincssha2192fsimple,all,256,100,15,0.034669704,0.000163622,0.031319629,0.000046223,0.009095043,0.000091546,0.005961643,0.000038174,0.025574661,0.000187491,0.025357986,0.000059948,10.421160229,0.008344082,8.642501486,0.001634367,1.778658743,0.008502638
sphincssha2192fsimple,all,100000,100,15,0.035574069,0.000120485,0.032181957,0.000051154,0.009063746,0.000115540,0.006021386,0.000033846,0.026510323,0.000166932,0.026160571,0.000061337,10.657557943,0.021627790,8.647241143,0.012995526,2.010316800,0.025231825
sphincssha2192fsimple,all,100000000,100,15,0.935724316,0.000522056,0.931399271,0.000515315,0.060919793,0.000183052,0.057450714,0.000149247,0.874804523,0.000553218,0.873948557,0.000536493,310.933445486,0.045165110,108.740608000,0.050873057,202.192837486,0.068029075
sphincssha2128ssimple,keygen,-,100,15,0.042732548,0.000130866,0.039418114,0.000057747,0.008972175,0.000093611,0.005916400,0.000038342,0.033760373,0.000160900,0.033501714,0.000069317,9.745612800,0.052678039,8.388081371,0.017900585,1.357531429,0.055636380
sphincssha2128ssimple,sign,256,100,15,0.266235078,0.000268920,0.262408043,0.000176555,0.027450290,0.000157873,0.023838100,0.000047711,0.238784788,0.000311836,0.238569943,0.000182888,10.002549029,0.079687143,9.677092571,0.004860051,0.325456458,0.079835211
sphincssha2128ssimple,sign,100000,100,15,0.266919469,0.000270570,0.262975443,0.000219712,0.027491765,0.000173049,0.023942914,0.000044444,0.239427704,0.000321176,0.239032529,0.000224162,10.385700571,0.075218661,9.682124800,0.011989543,0.703575771,0.076168209
sphincssha2128ssimple,sign,100000000,100,15,0.613397722,0.000417095,0.609335371,0.000414128,0.078996572,0.000214957,0.075280514,0.000152163,0.534401150,0.000469228,0.534054857,0.000441198,310.623319771,0.022229717,109.813642971,0.026231567,200.809676800,0.034383941
sphincssha2128ssimple,verify,256,100,15,0.029491759,0.000143718,0.025835043,0.000053456,0.027491761,0.000151953,0.023909929,0.000054704,0.001999998,0.000209152,0.001925114,0.000076486,9.780194743,0.095828300,9.687625143,0.004534686,0.092569600,0.095935533
sphincssha2128ssimple,verify,100000,100,15,0.029758848,0.000151337,0.026107729,0.000057533,0.027620903,0.000195720,0.024001200,0.000068919,0.002137945,0.000247405,0.002106529,0.000089777,10.203253029,0.020544857,9.689439086,0.005643485,0.513813943,0.021305869
sphincssha2128ssimple,verify,100000000,100,15,0.287696807,0.000376604,0.283795443,0.000318312,0.079142900,0.000253387,0.075446571,0.000182906,0.208553907,0.000453911,0.208348872,0.000367120,310.390140343,0.043502728,109.820021029,0.019447441,200.570119314,0.047651761
sphincssha2128ssimple,all,256,100,15,0.281318988,0.000227904,0.277914614,0.000180047,0.009051605,0.000088958,0.005963186,0.000033179,0.272267383,0.000244650,0.271951428,0.000183079,9.985696914,0.005390057,8.642442971,0.003037389,1.343253943,0.006186958
sphincssha2128ssimple,all,100000,100,15,0.281812620,0.000277774,0.278425300,0.000195707,0.009048185,0.000101532,0.006010800,0.000036539,0.272764435,0.000295748,0.272414500,0.000199089,10.346788571,0.012224942,8.655491657,0.022689434,1.691296914,0.025773235
sphincssha2128ssimple,all,100000000,100,15,0.833696269,0.000433335,0.829523071,0.000452618,0.060777646,0.000145512,0.057405657,0.000145198,0.772918623,0.000457114,0.772117414,0.000475337,310.630634057,0.055340002,108.769806629,0.049638938,201.860827428,0.074340702
sphincssha2128fsimple,keygen,-,100,15,0.011911064,0.000120733,0.008755729,0.000043103,0.008904473,0.000097948,0.005918129,0.000034536,0.003006591,0.000155468,0.002837600,0.000055232,9.702078171,0.021159945,8.398848000,0.026395847,1.303230171,0.033830223
sphincssha2128fsimple,sign,256,100,15,0.040976744,0.000177662,0.037120529,0.000047486,0.027452432,0.000159610,0.023866943,0.000049256,0.013524312,0.000238829,0.013253586,0.000068418,9.988154514,0.075628631,9.675746743,0.005810879,0.312407771,0.075851540
sphincssha2128fsimple,sign,100000,100,15,0.041246336,0.000152209,0.037434100,0.000050051,0.027467998,0.000166801,0.023934357,0.000049864,0.013778338,0.000225810,0.013499743,0.000070651,10.385232457,0.074800871,9.683646171,0.013823910,0.701586286,0.076067541
sphincssha2128fsimple,sign,100000000,100,15,0.388607316,0.000292739,0.384579771,0.000271211,0.079042971,0.000251794,0.075353957,0.000180396,0.309564345,0.000386130,0.309225814,0.000325727,310.628352000,0.025612760,109.815632457,0.026005481,200.812719543,0.036500665
sphincssha2128fsimple,verify,256,100,15,0.030060683,0.000147480,0.026433300,0.000055507,0.027536002,0.000170856,0.023978314,0.000049082,0.002524681,0.000225704,0.002454986,0.000074095,9.789849600,0.100200512,9.691194514,0.019877427,0.098655086,0.102153094
sphincssha2128fsimple,verify,100000,100,15,0.030314571,0.000152561,0.026681671,0.000054545,0.027570471,0.000199265,0.024018843,0.000050487,0.002744100,0.000250961,0.002662828,0.000074324,10.221392457,0.014804280,9.703775086,0.007238434,0.517617371,0.016479127
sphincssha2128fsimple,verify,100000000,100,15,0.288145659,0.000334316,0.284165143,0.000292853,0.079256362,0.000211897,0.075469557,0.000152028,0.208889297,0.000395812,0.208695586,0.000329963,310.393651200,0.030503354,109.842256457,0.022089972,200.551394743,0.037661937
sphincssha2128fsimple,all,256,100,15,0.025736631,0.000148347,0.022444400,0.000051108,0.009121105,0.000115718,0.005978014,0.000036871,0.016615526,0.000188142,0.016466386,0.000063020,10.129056914,0.044498008,8.644666514,0.005739607,1.484390400,0.044866645
sphincssha2128fsimple,all,100000,100,15,0.026254240,0.000126257,0.022986029,0.000048527,0.009043203,0.000092978,0.006012514,0.000036006,0.017211037,0.000156798,0.016973515,0.000060426,10.393307429,0.021500214,8.654906514,0.022156544,1.738400915,0.030873478
sphincssha2128fsimple,all,100000000,100,15,0.578455498,0.000385881,0.574474971,0.000371935,0.060809479,0.000195436,0.057408843,0.000160569,0.517646019,0.000432550,0.517066128,0.000405115,310.633325714,0.056905129,108.757635657,0.047315221,201.875690057,0.074006242
mldsa87,keygen,-,100,15,0.011547259,0.000117589,0.008291314,0.000048996,0.008932426,0.000087898,0.005911214,0.000033076,0.002614833,0.000146810,0.002380100,0.000059115,9.965685029,0.022938145,8.389778286,0.019811876,1.575906743,0.030309552
mldsa87,sign,256,100,15,0.029848604,0.000182628,0.025983657,0.000068850,0.027625742,0.000144362,0.024022100,0.000048455,0.002222862,0.000232795,0.001961557,0.000084192,10.519288686,0.035292305,9.708222171,0.009983827,0.811066515,0.036677290
mldsa87,sign,100000,100,15,0.030406738,0.000231626,0.026538857,0.000070013,0.027633552,0.000126709,0.024081000,0.000050747,0.002773186,0.000264019,0.002457857,0.000086470,11.007122286,0.030019596,9.713195886,0.009206408,1.293926400,0.031399587
mldsa87,sign,100000000,100,15,0.587770411,0.000357819,0.583266786,0.000349190,0.079154818,0.000224346,0.075408786,0.000171334,0.508615593,0.000422333,0.507858000,0.000388959,311.187982629,0.019971134,109.848985600,0.020514401,201.338997029,0.028630174
mldsa87,verify,256,100,15,0.028821711,0.000209673,0.024986571,0.000057492,0.027668237,0.000150735,0.024079257,0.000056230,0.001153474,0.000258232,0.000907314,0.000080419,10.246846171,0.016688685,9.708456229,0.016475333,0.538389942,0.023450987
mldsa87,verify,100000,100,15,0.029400846,0.000187431,0.025540843,0.000058133,0.027787333,0.000149548,0.024148071,0.000053035,0.001613513,0.000239781,0.001392772,0.000078690,10.518703543,0.029499079,9.720978286,0.013721008,0.797725257,0.032534009
mldsa87,verify,100000000,100,15,0.575089513,0.000387297,0.570646629,0.000321029,0.079340049,0.000268397,0.075530757,0.000156022,0.495749464,0.000471207,0.495115872,0.000356935,310.925838629,0.024911784,109.847873829,0.027707871,201.077964800,0.037260208
mldsa87,all,256,100,15,0.013217659,0.000128203,0.009872329,0.000056258,0.008993691,0.000103504,0.005947443,0.000037334,0.004223968,0.000164770,0.003924886,0.000067519,10.489212343,0.022441605,8.642618514,0.002832033,1.846593829,0.022619594
mldsa87,all,100000,100,15,0.014213131,0.000133824,0.010908300,0.000074194,0.009059965,0.000095353,0.006021129,0.000034369,0.005153166,0.000164320,0.004887171,0.000081768,10.771017143,0.028412478,8.658475886,0.024561579,2.112541257,0.037557157
mldsa87,all,100000000,100,15,1.052254669,0.000424882,1.047839900,0.000404303,0.060832898,0.000179764,0.057455486,0.000131697,0.991421771,0.000461346,0.990384414,0.000425212,311.039531886,0.061217157,108.761965714,0.050910767,202.277566172,0.079620641
mldsa65,keygen,-,100,15,0.011564597,0.000124097,0.008272371,0.000051304,0.008893611,0.000086690,0.005910629,0.000039522,0.002670986,0.000151378,0.002361742,0.000064762,9.970073600,0.024764740,8.392528457,0.022590629,1.577545143,0.033520574
mldsa65,sign,256,100,15,0.029651661,0.000217591,0.025862943,0.000071033,0.027563175,0.000159681,0.023991514,0.000053724,0.002088486,0.000269896,0.001871429,0.000089062,10.489212343,0.006819624,9.690667886,0.025465599,0.798544457,0.026362929
mldsa65,sign,100000,100,15,0.030310810,0.000191172,0.026447943,0.000060090,0.027680179,0.000176161,0.024096200,0.000053284,0.002630631,0.000259960,0.002351743,0.000080312,10.779735771,0.043989267,9.700088686,0.005138327,1.079647085,0.044288351
mldsa65,sign,100000000,100,15,0.575809986,0.000320360,0.571402457,0.000295905,0.079218037,0.000181012,0.075478929,0.000173426,0.496591949,0.000367962,0.495923528,0.000342982,311.170252800,0.019329910,109.833245257,0.037627382,201.337007543,0.042302072
mldsa65,verify,256,100,15,0.028696716,0.000148025,0.024897971,0.000055034,0.027615203,0.000142231,0.024044443,0.000051451,0.001081513,0.000205283,0.000853528,0.000075339,10.233797486,0.015836785,9.699386514,0.018191235,0.534410972,0.024118972
mldsa65,verify,100000,100,15,0.029371087,0.000171089,0.025486143,0.000043157,0.027718501,0.000157957,0.024100471,0.000046788,0.001652586,0.000232856,0.001385672,0.000063653,10.495005257,0.011172523,9.707402971,0.004624190,0.787602286,0.012091667
mldsa65,verify,100000000,100,15,0.575310795,0.000382113,0.570854429,0.000325446,0.079120733,0.000211556,0.075311771,0.000144920,0.496190062,0.000436768,0.495542658,0.000356254,310.919577600,0.030581371,109.844714057,0.016333996,201.074863543,0.034670155
mldsa65,all,256,100,15,0.013151213,0.000128223,0.009751329,0.000071525,0.009018015,0.000113513,0.005950914,0.000045833,0.004133198,0.000171249,0.003800415,0.000084950,10.488393143,0.020319517,8.642150400,0.003954038,1.846242743,0.020700657
mldsa65,all,100000,100,15,0.014088387,0.000125883,0.010774114,0.000055130,0.009069039,0.000094525,0.006010800,0.000036055,0.005019348,0.000157421,0.004763314,0.000065873,10.747494400,0.012340325,8.653502171,0.021205859,2.093992229,0.024535119
mldsa65,all,100000000,100,15,1.052415427,0.000631288,1.048016114,0.000557526,0.061094289,0.000217848,0.057686086,0.000144266,0.991321138,0.000667819,0.990330028,0.000575889,310.981017600,0.049212067,108.758220800,0.053620452,202.222796800,0.072780357
mldsa44,keygen,-,100,15,0.011517092,0.000115603,0.008265043,0.000051435,0.008951945,0.000095219,0.005944600,0.000029302,0.002565147,0.000149769,0.002320443,0.000059196,9.965333943,0.022734933,8.395220114,0.024598674,1.570113829,0.033495850
mldsa44,sign,256,100,15,0.029693795,0.000173464,0.025826757,0.000075247,0.027558365,0.000144886,0.023994400,0.000048703,0.002135430,0.000226013,0.001832357,0.000089633,10.483770514,0.008214019,9.689907200,0.012304808,0.793863314,0.014794540
mldsa44,sign,100000,100,15,0.030260016,0.000156457,0.026407829,0.000067852,0.027651588,0.000168269,0.024065086,0.000046393,0.002608428,0.000229768,0.002342743,0.000082196,10.770022400,0.043395081,9.695875657,0.005154526,1.074146743,0.043700140
mldsa44,sign,100000000,100,15,0.575772884,0.000407173,0.571318457,0.000368782,0.079501474,0.000233864,0.075727957,0.000163322,0.496271410,0.000469555,0.495590500,0.000403329,311.169433600,0.033914057,109.837575314,0.021429091,201.331858286,0.040116944
mldsa44,verify,256,100,15,0.028693560,0.000177686,0.024906071,0.000055413,0.027578367,0.000138703,0.024024929,0.000048897,0.001115193,0.000225413,0.000881142,0.000073902,10.225605486,0.012720517,9.694237257,0.010745421,0.531368229,0.016651595
mldsa44,verify,100000,100,15,0.029270635,0.000171834,0.025497614,0.000052340,0.027676231,0.000180823,0.024111871,0.000059057,0.001594404,0.000249447,0.001385743,0.000078913,10.509750857,0.045259454,9.698918400,0.005585329,0.810832457,0.045602786
mldsa44,verify,100000000,100,15,0.575108520,0.000358341,0.570788429,0.000323672,0.079430336,0.000228277,0.075690971,0.000158870,0.495678184,0.000424875,0.495097458,0.000360560,310.906880000,0.018892889,109.832074971,0.017925017,201.074805029,0.026043185
mldsa44,all,256,100,15,0.012947381,0.000093651,0.009695143,0.000046528,0.009095967,0.000122539,0.005988271,0.000036225,0.003851414,0.000154228,0.003706872,0.000058967,10.468088686,0.035623174,8.644198400,0.006135089,1.823890286,0.036147612
mldsa44,all,100000,100,15,0.014017565,0.000098745,0.010708129,0.000044970,0.009105287,0.000086162,0.006046843,0.000032626,0.004912278,0.000131051,0.004661286,0.000055559,10.741174857,0.003821813,8.654028800,0.021066415,2.087146057,0.021410280
mldsa44,all,100000000,100,15,1.051817100,0.000444835,1.047419329,0.000407384,0.061101768,0.000199250,0.057680443,0.000172628,0.990715332,0.000487420,0.989738886,0.000442450,310.991257600,0.054631436,108.741778286,0.058299168,202.249479314,0.079896100
falcon512,keygen,-,100,15,0.019733802,0.000982392,0.016384643,0.000953339,0.008905757,0.000106919,0.005925271,0.000031378,0.010828045,0.000988193,0.010459372,0.000953855,10.241287314,0.046075444,8.390597486,0.020459128,1.850689828,0.050413515
falcon512,sign,256,100,15,0.029953194,0.000169182,0.026048300,0.000059379,0.027579417,0.000198224,0.024019914,0.000050147,0.002373777,0.000260606,0.002028386,0.000077721,10.732339200,0.010703801,9.683119543,0.009823366,1.049219657,0.014528244
falcon512,sign,100000,100,15,0.030440605,0.000144110,0.026589143,0.000059063,0.027703595,0.000192741,0.024081857,0.000054212,0.002737010,0.000240659,0.002507286,0.000080171,10.998520686,0.006248688,9.688444343,0.006193692,1.310076343,0.008798177
falcon512,sign,100000000,100,15,0.575878908,0.000334197,0.571415243,0.000318823,0.079384898,0.000217568,0.075645214,0.000158208,0.496494010,0.000398777,0.495770029,0.000355918,311.260715886,0.088413044,109.829968457,0.022144940,201.430747429,0.091144197
falcon512,verify,256,100,15,0.028780247,0.000154499,0.024902200,0.000051610,0.027624517,0.000168295,0.024012743,0.000049353,0.001155730,0.000228458,0.000889457,0.000071409,10.477919086,0.015210257,9.684816457,0.008729012,0.793102629,0.017537034
falcon512,verify,100000,100,15,0.029348422,0.000177872,0.025488600,0.000051249,0.027678412,0.000153313,0.024071800,0.000055367,0.001670010,0.000234826,0.001416800,0.000075445,10.741233371,0.010602725,9.693886171,0.009655744,1.047347200,0.014340543
falcon512,verify,100000000,100,15,0.574900034,0.000376490,0.570612114,0.000332533,0.079353375,0.000198673,0.075620886,0.000139174,0.495546659,0.000425694,0.494991228,0.000360482,311.114313143,0.051386820,109.823824457,0.023334499,201.290488686,0.056436727
falcon512,all,256,100,15,0.021689188,0.001051644,0.018183957,0.001037550,0.009033054,0.000083137,0.005989886,0.000033719,0.012656134,0.001054925,0.012194071,0.001038098,10.493893486,0.015077797,8.642735543,0.003652654,1.851157943,0.015513924
falcon512,all,100000,100,15,0.023075623,0.001161583,0.019602157,0.001133019,0.009063893,0.000099273,0.006038386,0.000035848,0.014011730,0.001165817,0.013563771,0.001133586,10.889508571,0.030751220,8.650693486,0.018350929,2.238815085,0.035810531
falcon512,all,100000000,100,15,1.059603917,0.001069557,1.055070329,0.001037020,0.060980631,0.000175371,0.057555814,0.000132281,0.998623286,0.001083839,0.997514515,0.001045423,311.132862171,0.049057777,108.754709943,0.050689363,202.378152228,0.070541314
falcon1024,keygen,-,100,15,0.036628568,0.002291337,0.033152971,0.002315958,0.008938626,0.000100295,0.005943071,0.000034819,0.027689942,0.002293531,0.027209900,0.002316220,10.266741029,0.070033186,8.396214857,0.024568932,1.870526172,0.074217785
falcon1024,sign,256,100,15,0.030301699,0.000142293,0.026388114,0.000044429,0.027522324,0.000129744,0.024006557,0.000054954,0.002779375,0.000192564,0.002381557,0.000070667,10.748372114,0.016613064,9.693125486,0.006381522,1.055246628,0.017796565
falcon1024,sign,100000,100,15,0.030850970,0.000166881,0.026924086,0.000055929,0.027583602,0.000140580,0.024065943,0.000042788,0.003267368,0.000218202,0.002858143,0.000070419,11.018240000,0.027534263,9.696402286,0.004788046,1.321837714,0.027947469
falcon1024,sign,100000000,100,15,0.576450497,0.000370374,0.572094229,0.000258716,0.079487513,0.000275531,0.075668729,0.000205743,0.496962984,0.000461621,0.496425500,0.000330551,311.413028571,0.028791083,109.838511543,0.022804877,201.574517028,0.036728584
falcon1024,verify,256,100,15,0.028801452,0.000163508,0.024971986,0.000060691,0.027625150,0.000128402,0.024031586,0.000049143,0.001176302,0.000207899,0.000940400,0.000078092,10.481429943,0.005703180,9.692540343,0.007441920,0.788889600,0.009375950
falcon1024,verify,100000,100,15,0.029393107,0.000172619,0.025582029,0.000053127,0.027704525,0.000153480,0.024110486,0.000061912,0.001688582,0.000230984,0.001471543,0.000081582,10.749834971,0.014167033,9.705062400,0.024281380,1.044772571,0.028112101
falcon1024,verify,100000000,100,15,0.574601672,0.000371985,0.570308857,0.000380525,0.079437597,0.000227053,0.075679057,0.000190367,0.495164075,0.000435805,0.494629800,0.000425487,311.133154743,0.051341378,109.834005943,0.017612534,201.299148800,0.054278342
falcon1024,all,256,100,15,0.038585046,0.002136668,0.035095014,0.002116834,0.009009599,0.000095062,0.005978957,0.000036243,0.029575447,0.002138782,0.029116057,0.002117144,10.540646400,0.009418090,8.638639543,0.013128622,1.902006857,0.016157386
falcon1024,all,100000,100,15,0.039284196,0.001713375,0.035751057,0.001740306,0.009180006,0.000111139,0.006051243,0.000039416,0.030104190,0.001716976,0.029699814,0.001740752,10.912387657,0.016629051,8.648996571,0.015334892,2.263391086,0.022620439
falcon1024,all,100000000,100,15,1.076576922,0.003072711,1.072000543,0.003046882,0.061002604,0.000174215,0.057587629,0.000132629,1.015574318,0.003077646,1.014412914,0.003049767,311.213787429,0.049454418,108.746166857,0.054589742,202.467620572,0.073659890
RSA,keygen,-,100,15,0.215418071,0.065956234,0.212011829,0.066005132,0.008981234,0.000092131,0.005934400,0.000029901,0.206436837,0.065956298,0.206077429,0.066005139,9.374515200,0.004747613,8.390129371,0.020770845,0.984385829,0.021306521
RSA,sign,256,100,15,0.029988307,0.000151821,0.026289643,0.000046373,0.027353791,0.000167004,0.023725329,0.000060140,0.002634516,0.000225699,0.002564314,0.000075943,9.688093257,0.018668730,9.522439314,0.110230382,0.165653943,0.111800083
RSA,sign,100000,100,15,0.030140453,0.000157328,0.026474143,0.000054542,0.027311972,0.000157298,0.023789286,0.000047679,0.002828481,0.000222474,0.002684857,0.000072444,9.935140571,0.026559504,9.678789486,0.008526300,0.256351085,0.027894534
RSA,sign,100000000,100,15,0.171698759,0.000274814,0.167702186,0.000202631,0.079003847,0.000225869,0.075324543,0.000207608,0.092694912,0.000355724,0.092377643,0.000290104,110.044013714,0.059874226,109.794040686,0.044506477,0.249973028,0.074603951
RSA,verify,256,100,15,0.027876613,0.000148415,0.024267314,0.000057275,0.027305015,0.000169044,0.023729186,0.000045034,0.000571598,0.000224951,0.000538128,0.000072859,9.679082057,0.008594267,9.542100114,0.107208913,0.136981943,0.107552836
RSA,verify,100000,100,15,0.028061143,0.000173425,0.024438443,0.000047358,0.027261183,0.000132472,0.023789057,0.000051130,0.000799960,0.000218232,0.000649386,0.000069693,9.688912457,0.019521868,9.677209600,0.012637232,0.011702857,0.023255171
RSA,verify,100000000,100,15,0.169476715,0.000208860,0.165621586,0.000197578,0.079041002,0.000200922,0.075366029,0.000172329,0.090435713,0.000289814,0.090255557,0.000262172,109.829675886,0.027715079,109.790763886,0.050113626,0.038912000,0.057266929
RSA,all,256,100,15,0.212952603,0.053540041,0.209375686,0.053569063,0.008992144,0.000094181,0.005961529,0.000038943,0.203960459,0.053540124,0.203414157,0.053569077,9.519747657,0.005385222,8.639224686,0.024677625,0.880522971,0.025258381
RSA,all,100000,100,15,0.221820434,0.070659940,0.218278957,0.070626285,0.009089202,0.000112770,0.006036629,0.000035748,0.212731232,0.070660030,0.212242328,0.070626294,9.621738057,0.005617265,8.649874286,0.016865086,0.971863771,0.017775961
RSA,all,100000000,100,15,0.448962754,0.058113782,0.444866814,0.058098161,0.060943743,0.000209727,0.057609771,0.000164736,0.388019011,0.058114160,0.387257043,0.058098395,109.819904000,0.056531553,108.756172800,0.055703330,1.063731200,0.079364208
EC,keygen,-,100,15,0.011281061,0.000102722,0.008083829,0.000040563,0.008920811,0.000104832,0.005926286,0.000037857,0.002360250,0.000146770,0.002157543,0.000055484,9.435545600,0.016596329,8.397794743,0.025796608,1.037750857,0.030674144
EC,sign,256,100,15,0.028755176,0.000162296,0.025152300,0.000052622,0.027266394,0.000174962,0.023759129,0.000056055,0.001488782,0.000238646,0.001393171,0.000076885,9.800323657,0.106552803,9.670187886,0.013167589,0.130135771,0.107363333
EC,sign,100000,100,15,0.028905953,0.000196775,0.025311743,0.000055217,0.027269083,0.000145664,0.023836586,0.000050692,0.001636870,0.000244823,0.001475157,0.000074957,9.939821714,0.005083617,9.681188571,0.006525768,0.258633143,0.008272171
EC,sign,100000000,100,15,0.170542574,0.000256499,0.166487500,0.000188258,0.079077229,0.000246409,0.075389129,0.000180704,0.091465345,0.000355681,0.091098371,0.000260950,110.041731657,0.051239215,109.813525943,0.020837630,0.228205714,0.055314229
EC,verify,256,100,15,0.028033125,0.000139582,0.024426900,0.000050543,0.027229703,0.000128913,0.023745457,0.000046672,0.000803422,0.000190004,0.000681443,0.000068796,9.681832229,0.009457287,9.674869029,0.010080773,0.006963200,0.013822527
EC,verify,100000,100,15,0.028157632,0.000158958,0.024584286,0.000049587,0.027356259,0.000122397,0.023858157,0.000054986,0.000801373,0.000200621,0.000726129,0.000074043,9.691838171,0.028760664,9.680544914,0.004955248,0.011293257,0.029184418
EC,verify,100000000,100,15,0.169505459,0.000245144,0.165651886,0.000209784,0.079092682,0.000207834,0.075370543,0.000182133,0.090412777,0.000321388,0.090281343,0.000277816,109.841846857,0.037092731,109.810658743,0.017116137,0.031188114,0.040851351
EC,all,256,100,15,0.012156496,0.000096737,0.008850557,0.000033201,0.009033369,0.000088215,0.005978329,0.000029663,0.003123127,0.000130920,0.002872228,0.000044522,9.709802057,0.026163482,8.643379200,0.002270405,1.066422857,0.026261807
EC,all,100000,100,15,0.012372209,0.000099113,0.009095414,0.000039308,0.009103443,0.000095091,0.006038886,0.000032138,0.003268766,0.000137352,0.003056528,0.000050774,9.912261486,0.074032404,8.651746743,0.019077772,1.260514743,0.076451018
EC,all,100000000,100,15,0.243905862,0.000234158,0.239901014,0.000192439,0.061049792,0.000202411,0.057599143,0.000165717,0.182856070,0.000309516,0.182301871,0.000253958,109.959870171,0.052804228,108.756348343,0.055908267,1.203521828,0.076902671
